scope,rank,action,turn_count,proportion_of_turns,conversation_count,proportion_of_conversations
all,1,Clarification Request,1182,0.168954,342,0.440154
all,2,Casual Conversation,902,0.128931,233,0.299871
all,3,Educational Framing,849,0.121355,356,0.458172
all,4,Restricted Content Request,662,0.094626,222,0.285714
all,5,Persistence After Refusal,597,0.085334,216,0.277992
all,6,Benign Opening,551,0.078759,296,0.380952
all,7,Incremental Escalation,381,0.05446,127,0.163449
all,8,Identity / Capability Probing,377,0.053888,143,0.184041
all,9,Roleplay Setup,294,0.042024,105,0.135135
all,10,Emotional Pressure,270,0.038593,107,0.137709
all,11,Hypothetical Framing,175,0.025014,91,0.117117
all,12,Response Format Control,128,0.018296,40,0.05148
all,13,Fictional Scenario,126,0.01801,49,0.063063
all,14,Personal Anecdote,94,0.013436,44,0.056628
all,15,Safety Override Request,86,0.012293,47,0.060489
all,16,Authority Claim,74,0.010577,52,0.066924
all,17,Translation / Transformation,74,0.010577,35,0.045045
all,18,Topic Shift,72,0.010292,54,0.069498
all,19,Permission Claim,54,0.007719,37,0.047619
all,20,System Prompt Extraction,48,0.006861,30,0.03861
success_attack,1,Restricted Content Request,299,0.18583,65,0.575221
success_attack,2,Clarification Request,187,0.116221,61,0.539823
success_attack,3,Incremental Escalation,159,0.098819,43,0.380531
success_attack,4,Persistence After Refusal,151,0.093847,49,0.433628
success_attack,5,Roleplay Setup,109,0.067744,35,0.309735
success_attack,6,Casual Conversation,95,0.059043,32,0.283186
success_attack,7,Response Format Control,83,0.051585,28,0.247788
success_attack,8,Identity / Capability Probing,74,0.045991,26,0.230088
success_attack,9,Benign Opening,71,0.044127,39,0.345133
success_attack,10,Educational Framing,68,0.042262,40,0.353982
success_attack,11,Hypothetical Framing,65,0.040398,25,0.221239
success_attack,12,Fictional Scenario,48,0.029832,22,0.19469
success_attack,13,Translation / Transformation,48,0.029832,20,0.176991
success_attack,14,Emotional Pressure,46,0.028589,18,0.159292
success_attack,15,Topic Shift,31,0.019267,20,0.176991
success_attack,16,Permission Claim,27,0.016781,18,0.159292
success_attack,17,Authority Claim,19,0.011809,13,0.115044
success_attack,18,Safety Override Request,13,0.00808,8,0.070796
success_attack,19,Personal Anecdote,9,0.005594,8,0.070796
success_attack,20,System Prompt Extraction,7,0.004351,5,0.044248
unsuccess_attack,1,Clarification Request,656,0.158301,173,0.431421
unsuccess_attack,2,Casual Conversation,612,0.147683,128,0.319202
unsuccess_attack,3,Educational Framing,457,0.11028,186,0.46384
unsuccess_attack,4,Persistence After Refusal,415,0.100145,152,0.379052
unsuccess_attack,5,Restricted Content Request,354,0.085425,149,0.371571
unsuccess_attack,6,Identity / Capability Probing,271,0.065396,95,0.236908
unsuccess_attack,7,Benign Opening,260,0.062741,139,0.346633
unsuccess_attack,8,Incremental Escalation,214,0.051641,80,0.199501
unsuccess_attack,9,Emotional Pressure,203,0.048986,74,0.184539
unsuccess_attack,10,Roleplay Setup,182,0.043919,67,0.167082
unsuccess_attack,11,Hypothetical Framing,91,0.021959,58,0.144638
unsuccess_attack,12,Safety Override Request,72,0.017375,38,0.094763
unsuccess_attack,13,Personal Anecdote,69,0.016651,28,0.069825
unsuccess_attack,14,Fictional Scenario,63,0.015203,22,0.054863
unsuccess_attack,15,Authority Claim,55,0.013272,39,0.097257
unsuccess_attack,16,Response Format Control,44,0.010618,11,0.027431
unsuccess_attack,17,System Prompt Extraction,40,0.009653,24,0.05985
unsuccess_attack,18,Topic Shift,39,0.009411,32,0.0798
unsuccess_attack,19,Permission Claim,26,0.006274,18,0.044888
unsuccess_attack,20,Translation / Transformation,21,0.005068,13,0.032419
no_attack,1,Clarification Request,339,0.272727,108,0.410646
no_attack,2,Educational Framing,324,0.26066,130,0.494297
no_attack,3,Benign Opening,220,0.176991,118,0.448669
no_attack,4,Casual Conversation,195,0.156879,73,0.277567
no_attack,5,Identity / Capability Probing,32,0.025744,22,0.08365
no_attack,6,Persistence After Refusal,31,0.02494,15,0.057034
no_attack,7,Emotional Pressure,21,0.016895,15,0.057034
no_attack,8,Hypothetical Framing,19,0.015286,8,0.030418
no_attack,9,Personal Anecdote,16,0.012872,8,0.030418
no_attack,10,Fictional Scenario,15,0.012068,5,0.019011
no_attack,11,Restricted Content Request,9,0.007241,8,0.030418
no_attack,12,Incremental Escalation,8,0.006436,4,0.015209
no_attack,13,Translation / Transformation,5,0.004023,2,0.007605
no_attack,14,Roleplay Setup,3,0.002414,3,0.011407
no_attack,15,Topic Shift,2,0.001609,2,0.007605
no_attack,16,System Prompt Extraction,1,0.000805,1,0.003802
no_attack,17,Safety Override Request,1,0.000805,1,0.003802
no_attack,18,Response Format Control,1,0.000805,1,0.003802
no_attack,19,Permission Claim,1,0.000805,1,0.003802
