scope,rank,source,target,transition,count,proportion_of_all_transitions,conditional_probability
all,1,Educational Framing,Clarification Request,Educational Framing -> Clarification Request,155,0.047751,0.399485
all,2,Casual Conversation,Clarification Request,Casual Conversation -> Clarification Request,104,0.032039,0.335484
all,3,Clarification Request,Casual Conversation,Clarification Request -> Casual Conversation,98,0.030191,0.194059
all,4,Clarification Request,Educational Framing,Clarification Request -> Educational Framing,97,0.029883,0.192079
all,5,Restricted Content Request,Persistence After Refusal,Restricted Content Request -> Persistence After Refusal,91,0.028035,0.313793
all,6,Benign Opening,Clarification Request,Benign Opening -> Clarification Request,77,0.023722,0.249191
all,7,Benign Opening,Educational Framing,Benign Opening -> Educational Framing,73,0.022489,0.236246
all,8,Benign Opening,Casual Conversation,Benign Opening -> Casual Conversation,70,0.021565,0.226537
all,9,Incremental Escalation,Persistence After Refusal,Incremental Escalation -> Persistence After Refusal,66,0.020333,0.366667
all,10,Persistence After Refusal,Incremental Escalation,Persistence After Refusal -> Incremental Escalation,59,0.018176,0.203448
all,11,Casual Conversation,Educational Framing,Casual Conversation -> Educational Framing,56,0.017252,0.180645
all,12,Educational Framing,Casual Conversation,Educational Framing -> Casual Conversation,56,0.017252,0.14433
all,13,Clarification Request,Restricted Content Request,Clarification Request -> Restricted Content Request,52,0.01602,0.10297
all,14,Clarification Request,Benign Opening,Clarification Request -> Benign Opening,52,0.01602,0.10297
all,15,Clarification Request,Identity / Capability Probing,Clarification Request -> Identity / Capability Probing,43,0.013247,0.085149
all,16,Persistence After Refusal,Restricted Content Request,Persistence After Refusal -> Restricted Content Request,41,0.012631,0.141379
all,17,Clarification Request,Persistence After Refusal,Clarification Request -> Persistence After Refusal,38,0.011707,0.075248
all,18,Restricted Content Request,Clarification Request,Restricted Content Request -> Clarification Request,32,0.009858,0.110345
all,19,Identity / Capability Probing,Clarification Request,Identity / Capability Probing -> Clarification Request,31,0.00955,0.165775
all,20,Persistence After Refusal,Clarification Request,Persistence After Refusal -> Clarification Request,30,0.009242,0.103448
