scope,rank,source,target,transition,count,proportion_of_all_transitions,proportion_of_success_transitions,conditional_probability,conversation_count,proportion_of_success_conversations,all_conversation_count,success_rate_among_conversations_with_pattern
success_attack,1,Setup,Attack Construction,Setup -> Attack Construction,45,0.02316,0.106383,0.381356,36,0.318584,107,0.336449
success_attack,2,Setup,Goal Execution,Setup -> Goal Execution,38,0.019557,0.089835,0.322034,33,0.292035,180,0.183333
success_attack,3,Attack Construction,Goal Execution,Attack Construction -> Goal Execution,37,0.019043,0.08747,0.345794,30,0.265487,70,0.428571
success_attack,4,Goal Execution,Escalation,Goal Execution -> Escalation,30,0.01544,0.070922,0.394737,26,0.230088,122,0.213115
success_attack,5,Attack Construction,Setup,Attack Construction -> Setup,30,0.01544,0.070922,0.280374,22,0.19469,65,0.338462
success_attack,6,Attack Construction,Escalation,Attack Construction -> Escalation,25,0.012867,0.059102,0.233645,21,0.185841,62,0.33871
success_attack,7,Setup,Escalation,Setup -> Escalation,23,0.011837,0.054374,0.194915,20,0.176991,114,0.175439
success_attack,8,Escalation,Goal Execution,Escalation -> Goal Execution,22,0.011323,0.052009,0.333333,20,0.176991,88,0.227273
success_attack,9,Goal Execution,Attack Construction,Goal Execution -> Attack Construction,18,0.009264,0.042553,0.236842,17,0.150442,49,0.346939
success_attack,10,Goal Execution,Setup,Goal Execution -> Setup,18,0.009264,0.042553,0.236842,16,0.141593,123,0.130081
success_attack,11,Trust Building,Attack Construction,Trust Building -> Attack Construction,18,0.009264,0.042553,0.321429,12,0.106195,23,0.521739
success_attack,12,Escalation,Attack Construction,Escalation -> Attack Construction,15,0.00772,0.035461,0.227273,14,0.123894,45,0.311111
success_attack,13,Trust Building,Escalation,Trust Building -> Escalation,15,0.00772,0.035461,0.267857,12,0.106195,52,0.230769
success_attack,14,Escalation,Setup,Escalation -> Setup,15,0.00772,0.035461,0.227273,10,0.088496,82,0.121951
success_attack,15,Attack Construction,Trust Building,Attack Construction -> Trust Building,15,0.00772,0.035461,0.140187,11,0.097345,27,0.407407
success_attack,16,Escalation,Trust Building,Escalation -> Trust Building,14,0.007205,0.033097,0.212121,10,0.088496,35,0.285714
success_attack,17,Setup,Trust Building,Setup -> Trust Building,12,0.006176,0.028369,0.101695,11,0.097345,86,0.127907
success_attack,18,Trust Building,Goal Execution,Trust Building -> Goal Execution,12,0.006176,0.028369,0.214286,11,0.097345,42,0.261905
success_attack,19,Trust Building,Setup,Trust Building -> Setup,11,0.005661,0.026005,0.196429,10,0.088496,69,0.144928
success_attack,20,Goal Execution,Trust Building,Goal Execution -> Trust Building,10,0.005147,0.023641,0.131579,8,0.070796,54,0.148148
