id,category,reason
1131,unsuccess_attack,severity=0_but_attack_vector_not_no_attempt
1132,success_attack,severity>=1
1134,no_attack,severity=0_and_no_attempt
1135,unsuccess_attack,severity=0_but_attack_vector_not_no_attempt
1139,no_attack,severity=0_and_no_attempt
1142,unsuccess_attack,severity=0_but_attack_vector_not_no_attempt
1143,unsuccess_attack,severity=0_but_attack_vector_not_no_attempt
1144,unsuccess_attack,severity=0_but_attack_vector_not_no_attempt
1145,unsuccess_attack,severity=0_but_attack_vector_not_no_attempt
1147,unsuccess_attack,severity=0_but_attack_vector_not_no_attempt
1151,unsuccess_attack,severity=0_but_attack_vector_not_no_attempt
1152,unsuccess_attack,severity=0_but_attack_vector_not_no_attempt
1153,unsuccess_attack,severity=0_but_attack_vector_not_no_attempt
1154,success_attack,severity>=1
1155,unsuccess_attack,severity=0_but_attack_vector_not_no_attempt
1156,unsuccess_attack,severity=0_but_attack_vector_not_no_attempt
1157,unsuccess_attack,severity=0_but_attack_vector_not_no_attempt
1158,unsuccess_attack,severity=0_but_attack_vector_not_no_attempt
1159,unsuccess_attack,severity=0_but_attack_vector_not_no_attempt
1162,no_attack,severity=0_and_no_attempt
1163,unsuccess_attack,severity=0_but_attack_vector_not_no_attempt
1164,unsuccess_attack,severity=0_but_attack_vector_not_no_attempt
1165,no_attack,severity=0_and_no_attempt
1167,no_attack,severity=0_and_no_attempt
1168,no_attack,severity=0_and_no_attempt
1169,unsuccess_attack,severity=0_but_attack_vector_not_no_attempt
1170,unsuccess_attack,severity=0_but_attack_vector_not_no_attempt
1171,no_attack,severity=0_and_no_attempt
1172,success_attack,severity>=1
1173,no_attack,severity=0_and_no_attempt
1174,unsuccess_attack,severity=0_but_attack_vector_not_no_attempt
1177,success_attack,severity>=1
1179,unsuccess_attack,severity=0_but_attack_vector_not_no_attempt
1180,success_attack,severity>=1
1182,success_attack,severity>=1
1183,unsuccess_attack,severity=0_but_attack_vector_not_no_attempt
1184,unsuccess_attack,severity=0_but_attack_vector_not_no_attempt
1185,no_attack,severity=0_and_no_attempt
1186,unsuccess_attack,severity=0_but_attack_vector_not_no_attempt
1187,no_attack,severity=0_and_no_attempt
1188,no_attack,severity=0_and_no_attempt
1189,success_attack,severity>=1
1190,no_attack,severity=0_and_no_attempt
1192,unsuccess_attack,severity=0_but_attack_vector_not_no_attempt
1193,unsuccess_attack,severity=0_but_attack_vector_not_no_attempt
1195,success_attack,severity>=1
1196,success_attack,severity>=1
1198,unsuccess_attack,severity=0_but_attack_vector_not_no_attempt
1199,success_attack,severity>=1
1200,unsuccess_attack,severity=0_but_attack_vector_not_no_attempt
1201,unsuccess_attack,severity=0_but_attack_vector_not_no_attempt
1202,unsuccess_attack,severity=0_but_attack_vector_not_no_attempt
1203,unsuccess_attack,severity=0_but_attack_vector_not_no_attempt
1205,success_attack,severity>=1
1206,no_attack,severity=0_and_no_attempt
1207,unsuccess_attack,severity=0_but_attack_vector_not_no_attempt
1209,success_attack,severity>=1
1211,unsuccess_attack,severity=0_but_attack_vector_not_no_attempt
1212,unsuccess_attack,severity=0_but_attack_vector_not_no_attempt
1213,unsuccess_attack,severity=0_but_attack_vector_not_no_attempt
1215,no_attack,severity=0_and_no_attempt
1216,success_attack,severity>=1
1217,no_attack,severity=0_and_no_attempt
1220,no_attack,severity=0_and_no_attempt
1222,no_attack,severity=0_and_no_attempt
1224,unsuccess_attack,severity=0_but_attack_vector_not_no_attempt
1225,success_attack,severity>=1
1227,no_attack,severity=0_and_no_attempt
1228,no_attack,severity=0_and_no_attempt
1229,success_attack,severity>=1
1230,success_attack,severity>=1
1231,no_attack,severity=0_and_no_attempt
1232,no_attack,severity=0_and_no_attempt
1233,unsuccess_attack,severity=0_but_attack_vector_not_no_attempt
1235,no_attack,severity=0_and_no_attempt
1236,no_attack,severity=0_and_no_attempt
1238,unsuccess_attack,severity=0_but_attack_vector_not_no_attempt
1240,no_attack,severity=0_and_no_attempt
1241,unsuccess_attack,severity=0_but_attack_vector_not_no_attempt
1244,unsuccess_attack,severity=0_but_attack_vector_not_no_attempt
1245,no_attack,severity=0_and_no_attempt
1252,no_attack,severity=0_and_no_attempt
1253,unsuccess_attack,severity=0_but_attack_vector_not_no_attempt
1255,no_attack,severity=0_and_no_attempt
1259,unsuccess_attack,severity=0_but_attack_vector_not_no_attempt
1260,unsuccess_attack,severity=0_but_attack_vector_not_no_attempt
1261,unsuccess_attack,severity=0_but_attack_vector_not_no_attempt
1262,unsuccess_attack,severity=0_but_attack_vector_not_no_attempt
1263,no_attack,severity=0_and_no_attempt
1268,unsuccess_attack,severity=0_but_attack_vector_not_no_attempt
1269,unsuccess_attack,severity=0_but_attack_vector_not_no_attempt
1271,unsuccess_attack,severity=0_but_attack_vector_not_no_attempt
1273,unsuccess_attack,severity=0_but_attack_vector_not_no_attempt
1274,success_attack,severity>=1
1276,unsuccess_attack,severity=0_but_attack_vector_not_no_attempt
1278,success_attack,severity>=1
1280,no_attack,severity=0_and_no_attempt
1282,success_attack,severity>=1
1283,unsuccess_attack,severity=0_but_attack_vector_not_no_attempt
1284,no_attack,severity=0_and_no_attempt
1285,no_attack,severity=0_and_no_attempt
1286,no_attack,severity=0_and_no_attempt
1287,unsuccess_attack,severity=0_but_attack_vector_not_no_attempt
1289,no_attack,severity=0_and_no_attempt
1290,no_attack,severity=0_and_no_attempt
1291,no_attack,severity=0_and_no_attempt
1292,success_attack,severity>=1
1293,unsuccess_attack,severity=0_but_attack_vector_not_no_attempt
1294,unsuccess_attack,severity=0_but_attack_vector_not_no_attempt
1297,unsuccess_attack,severity=0_but_attack_vector_not_no_attempt
1298,success_attack,severity>=1
1299,unsuccess_attack,severity=0_but_attack_vector_not_no_attempt
1301,no_attack,severity=0_and_no_attempt
1302,unsuccess_attack,severity=0_but_attack_vector_not_no_attempt
1303,unsuccess_attack,severity=0_but_attack_vector_not_no_attempt
1305,success_attack,severity>=1
1308,no_attack,severity=0_and_no_attempt
1309,unsuccess_attack,severity=0_but_attack_vector_not_no_attempt
1310,success_attack,severity>=1
1312,success_attack,severity>=1
1313,unsuccess_attack,severity=0_but_attack_vector_not_no_attempt
1314,no_attack,severity=0_and_no_attempt
1315,no_attack,severity=0_and_no_attempt
1316,no_attack,severity=0_and_no_attempt
1317,success_attack,severity>=1
1318,unsuccess_attack,severity=0_but_attack_vector_not_no_attempt
1320,no_attack,severity=0_and_no_attempt
1321,no_attack,severity=0_and_no_attempt
1324,no_attack,severity=0_and_no_attempt
1325,unsuccess_attack,severity=0_but_attack_vector_not_no_attempt
1326,unsuccess_attack,severity=0_but_attack_vector_not_no_attempt
1328,no_attack,severity=0_and_no_attempt
1329,unsuccess_attack,severity=0_but_attack_vector_not_no_attempt
1331,unsuccess_attack,severity=0_but_attack_vector_not_no_attempt
1332,no_attack,severity=0_and_no_attempt
1335,no_attack,severity=0_and_no_attempt
1336,no_attack,severity=0_and_no_attempt
1343,no_attack,severity=0_and_no_attempt
1346,unsuccess_attack,severity=0_but_attack_vector_not_no_attempt
1347,unsuccess_attack,severity=0_but_attack_vector_not_no_attempt
1348,success_attack,severity>=1
1349,unsuccess_attack,severity=0_but_attack_vector_not_no_attempt
1350,unsuccess_attack,severity=0_but_attack_vector_not_no_attempt
1352,unsuccess_attack,severity=0_but_attack_vector_not_no_attempt
1354,no_attack,severity=0_and_no_attempt
1355,unsuccess_attack,severity=0_but_attack_vector_not_no_attempt
1356,success_attack,severity>=1
1357,unsuccess_attack,severity=0_but_attack_vector_not_no_attempt
1358,unsuccess_attack,severity=0_but_attack_vector_not_no_attempt
1359,unsuccess_attack,severity=0_but_attack_vector_not_no_attempt
1363,unsuccess_attack,severity=0_but_attack_vector_not_no_attempt
1367,no_attack,severity=0_and_no_attempt
1368,success_attack,severity>=1
1369,unsuccess_attack,severity=0_but_attack_vector_not_no_attempt
1378,no_attack,severity=0_and_no_attempt
1379,no_attack,severity=0_and_no_attempt
1381,success_attack,severity>=1
1384,unsuccess_attack,severity=0_but_attack_vector_not_no_attempt
1385,unsuccess_attack,severity=0_but_attack_vector_not_no_attempt
1386,unsuccess_attack,severity=0_but_attack_vector_not_no_attempt
1387,success_attack,severity>=1
1389,unsuccess_attack,severity=0_but_attack_vector_not_no_attempt
1390,success_attack,severity>=1
1393,unsuccess_attack,severity=0_but_attack_vector_not_no_attempt
1396,unsuccess_attack,severity=0_but_attack_vector_not_no_attempt
1397,success_attack,severity>=1
1400,unsuccess_attack,severity=0_but_attack_vector_not_no_attempt
1403,success_attack,severity>=1
1408,unsuccess_attack,severity=0_but_attack_vector_not_no_attempt
1411,no_attack,severity=0_and_no_attempt
1412,no_attack,severity=0_and_no_attempt
1413,no_attack,severity=0_and_no_attempt
1414,unsuccess_attack,severity=0_but_attack_vector_not_no_attempt
1415,no_attack,severity=0_and_no_attempt
1416,unsuccess_attack,severity=0_but_attack_vector_not_no_attempt
1417,unsuccess_attack,severity=0_but_attack_vector_not_no_attempt
1418,no_attack,severity=0_and_no_attempt
1419,success_attack,severity>=1
1421,unsuccess_attack,severity=0_but_attack_vector_not_no_attempt
1423,unsuccess_attack,severity=0_but_attack_vector_not_no_attempt
1424,unsuccess_attack,severity=0_but_attack_vector_not_no_attempt
1426,success_attack,severity>=1
1427,unsuccess_attack,severity=0_but_attack_vector_not_no_attempt
1429,no_attack,severity=0_and_no_attempt
1432,no_attack,severity=0_and_no_attempt
1433,unsuccess_attack,severity=0_but_attack_vector_not_no_attempt
1436,success_attack,severity>=1
1437,no_attack,severity=0_and_no_attempt
1438,unsuccess_attack,severity=0_but_attack_vector_not_no_attempt
1439,unsuccess_attack,severity=0_but_attack_vector_not_no_attempt
1440,success_attack,severity>=1
1442,unsuccess_attack,severity=0_but_attack_vector_not_no_attempt
1444,unsuccess_attack,severity=0_but_attack_vector_not_no_attempt
1445,success_attack,severity>=1
1446,success_attack,severity>=1
1447,unsuccess_attack,severity=0_but_attack_vector_not_no_attempt
1448,success_attack,severity>=1
1449,no_attack,severity=0_and_no_attempt
1450,unsuccess_attack,severity=0_but_attack_vector_not_no_attempt
1452,success_attack,severity>=1
1453,no_attack,severity=0_and_no_attempt
1454,success_attack,severity>=1
1455,success_attack,severity>=1
1456,no_attack,severity=0_and_no_attempt
1457,unsuccess_attack,severity=0_but_attack_vector_not_no_attempt
1458,success_attack,severity>=1
1459,unsuccess_attack,severity=0_but_attack_vector_not_no_attempt
1461,unsuccess_attack,severity=0_but_attack_vector_not_no_attempt
1462,unsuccess_attack,severity=0_but_attack_vector_not_no_attempt
1464,no_attack,severity=0_and_no_attempt
1465,success_attack,severity>=1
1466,success_attack,severity>=1
1467,unsuccess_attack,severity=0_but_attack_vector_not_no_attempt
1468,success_attack,severity>=1
1470,unsuccess_attack,severity=0_but_attack_vector_not_no_attempt
1471,no_attack,severity=0_and_no_attempt
1472,success_attack,severity>=1
1473,unsuccess_attack,severity=0_but_attack_vector_not_no_attempt
1474,unsuccess_attack,severity=0_but_attack_vector_not_no_attempt
1475,no_attack,severity=0_and_no_attempt
1476,unsuccess_attack,severity=0_but_attack_vector_not_no_attempt
1477,unsuccess_attack,severity=0_but_attack_vector_not_no_attempt
1478,success_attack,severity>=1
1479,unsuccess_attack,severity=0_but_attack_vector_not_no_attempt
1482,success_attack,severity>=1
1486,success_attack,severity>=1
1487,no_attack,severity=0_and_no_attempt
1488,success_attack,severity>=1
1489,unsuccess_attack,severity=0_but_attack_vector_not_no_attempt
1491,unsuccess_attack,severity=0_but_attack_vector_not_no_attempt
1492,no_attack,severity=0_and_no_attempt
1493,success_attack,severity>=1
1494,unsuccess_attack,severity=0_but_attack_vector_not_no_attempt
1495,unsuccess_attack,severity=0_but_attack_vector_not_no_attempt
1496,unsuccess_attack,severity=0_but_attack_vector_not_no_attempt
1497,success_attack,severity>=1
1498,success_attack,severity>=1
1499,unsuccess_attack,severity=0_but_attack_vector_not_no_attempt
1501,no_attack,severity=0_and_no_attempt
1502,unsuccess_attack,severity=0_but_attack_vector_not_no_attempt
1503,success_attack,severity>=1
1504,success_attack,severity>=1
1505,success_attack,severity>=1
1506,success_attack,severity>=1
1507,unsuccess_attack,severity=0_but_attack_vector_not_no_attempt
1509,unsuccess_attack,severity=0_but_attack_vector_not_no_attempt
1510,unsuccess_attack,severity=0_but_attack_vector_not_no_attempt
1513,success_attack,severity>=1
1514,unsuccess_attack,severity=0_but_attack_vector_not_no_attempt
1515,no_attack,severity=0_and_no_attempt
1516,no_attack,severity=0_and_no_attempt
1517,unsuccess_attack,severity=0_but_attack_vector_not_no_attempt
1518,unsuccess_attack,severity=0_but_attack_vector_not_no_attempt
1520,unsuccess_attack,severity=0_but_attack_vector_not_no_attempt
1522,unsuccess_attack,severity=0_but_attack_vector_not_no_attempt
1523,unsuccess_attack,severity=0_but_attack_vector_not_no_attempt
1524,unsuccess_attack,severity=0_but_attack_vector_not_no_attempt
1526,no_attack,severity=0_and_no_attempt
1527,success_attack,severity>=1
1529,unsuccess_attack,severity=0_but_attack_vector_not_no_attempt
1530,no_attack,severity=0_and_no_attempt
1532,unsuccess_attack,severity=0_but_attack_vector_not_no_attempt
1533,unsuccess_attack,severity=0_but_attack_vector_not_no_attempt
1534,unsuccess_attack,severity=0_but_attack_vector_not_no_attempt
1536,unsuccess_attack,severity=0_but_attack_vector_not_no_attempt
1537,unsuccess_attack,severity=0_but_attack_vector_not_no_attempt
1538,unsuccess_attack,severity=0_but_attack_vector_not_no_attempt
1539,success_attack,severity>=1
1540,success_attack,severity>=1
1542,success_attack,severity>=1
1543,no_attack,severity=0_and_no_attempt
1544,no_attack,severity=0_and_no_attempt
1546,unsuccess_attack,severity=0_but_attack_vector_not_no_attempt
1549,unsuccess_attack,severity=0_but_attack_vector_not_no_attempt
1550,unsuccess_attack,severity=0_but_attack_vector_not_no_attempt
1551,unsuccess_attack,severity=0_but_attack_vector_not_no_attempt
1552,unsuccess_attack,severity=0_but_attack_vector_not_no_attempt
1553,unsuccess_attack,severity=0_but_attack_vector_not_no_attempt
1554,no_attack,severity=0_and_no_attempt
1555,success_attack,severity>=1
1559,unsuccess_attack,severity=0_but_attack_vector_not_no_attempt
1561,unsuccess_attack,severity=0_but_attack_vector_not_no_attempt
1563,unsuccess_attack,severity=0_but_attack_vector_not_no_attempt
1564,unsuccess_attack,severity=0_but_attack_vector_not_no_attempt
1565,no_attack,severity=0_and_no_attempt
1566,no_attack,severity=0_and_no_attempt
1567,no_attack,severity=0_and_no_attempt
1569,unsuccess_attack,severity=0_but_attack_vector_not_no_attempt
1571,unsuccess_attack,severity=0_but_attack_vector_not_no_attempt
1572,unsuccess_attack,severity=0_but_attack_vector_not_no_attempt
1574,no_attack,severity=0_and_no_attempt
1580,no_attack,severity=0_and_no_attempt
1581,unsuccess_attack,severity=0_but_attack_vector_not_no_attempt
1582,no_attack,severity=0_and_no_attempt
1583,unsuccess_attack,severity=0_but_attack_vector_not_no_attempt
1586,no_attack,severity=0_and_no_attempt
1587,no_attack,severity=0_and_no_attempt
1588,unsuccess_attack,severity=0_but_attack_vector_not_no_attempt
1589,unsuccess_attack,severity=0_but_attack_vector_not_no_attempt
1590,no_attack,severity=0_and_no_attempt
1594,no_attack,severity=0_and_no_attempt
1595,no_attack,severity=0_and_no_attempt
1596,no_attack,severity=0_and_no_attempt
1597,no_attack,severity=0_and_no_attempt
1599,unsuccess_attack,severity=0_but_attack_vector_not_no_attempt
1603,unsuccess_attack,severity=0_but_attack_vector_not_no_attempt
1607,no_attack,severity=0_and_no_attempt
1609,unsuccess_attack,severity=0_but_attack_vector_not_no_attempt
1613,no_attack,severity=0_and_no_attempt
1614,no_attack,severity=0_and_no_attempt
1615,no_attack,severity=0_and_no_attempt
1616,unsuccess_attack,severity=0_but_attack_vector_not_no_attempt
1617,unsuccess_attack,severity=0_but_attack_vector_not_no_attempt
1618,unsuccess_attack,severity=0_but_attack_vector_not_no_attempt
1619,no_attack,severity=0_and_no_attempt
1620,unsuccess_attack,severity=0_but_attack_vector_not_no_attempt
1623,unsuccess_attack,severity=0_but_attack_vector_not_no_attempt
1626,unsuccess_attack,severity=0_but_attack_vector_not_no_attempt
1631,unsuccess_attack,severity=0_but_attack_vector_not_no_attempt
1632,unsuccess_attack,severity=0_but_attack_vector_not_no_attempt
1633,no_attack,severity=0_and_no_attempt
1634,no_attack,severity=0_and_no_attempt
1635,unsuccess_attack,severity=0_but_attack_vector_not_no_attempt
1636,success_attack,severity>=1
1637,unsuccess_attack,severity=0_but_attack_vector_not_no_attempt
1638,no_attack,severity=0_and_no_attempt
1643,no_attack,severity=0_and_no_attempt
1644,no_attack,severity=0_and_no_attempt
1647,no_attack,severity=0_and_no_attempt
1650,no_attack,severity=0_and_no_attempt
1651,no_attack,severity=0_and_no_attempt
1652,no_attack,severity=0_and_no_attempt
1653,no_attack,severity=0_and_no_attempt
1654,no_attack,severity=0_and_no_attempt
1655,no_attack,severity=0_and_no_attempt
1656,unsuccess_attack,severity=0_but_attack_vector_not_no_attempt
1657,no_attack,severity=0_and_no_attempt
1660,success_attack,severity>=1
1662,unsuccess_attack,severity=0_but_attack_vector_not_no_attempt
1663,unsuccess_attack,severity=0_but_attack_vector_not_no_attempt
1666,unsuccess_attack,severity=0_but_attack_vector_not_no_attempt
1667,no_attack,severity=0_and_no_attempt
1669,no_attack,severity=0_and_no_attempt
1670,no_attack,severity=0_and_no_attempt
1671,unsuccess_attack,severity=0_but_attack_vector_not_no_attempt
1672,no_attack,severity=0_and_no_attempt
1674,unsuccess_attack,severity=0_but_attack_vector_not_no_attempt
1675,success_attack,severity>=1
1677,no_attack,severity=0_and_no_attempt
1679,unsuccess_attack,severity=0_but_attack_vector_not_no_attempt
1680,success_attack,severity>=1
1682,unsuccess_attack,severity=0_but_attack_vector_not_no_attempt
1684,no_attack,severity=0_and_no_attempt
1685,no_attack,severity=0_and_no_attempt
1686,unsuccess_attack,severity=0_but_attack_vector_not_no_attempt
1687,unsuccess_attack,severity=0_but_attack_vector_not_no_attempt
1688,unsuccess_attack,severity=0_but_attack_vector_not_no_attempt
1689,success_attack,severity>=1
1690,success_attack,severity>=1
1691,success_attack,severity>=1
1692,success_attack,severity>=1
1693,success_attack,severity>=1
1700,no_attack,severity=0_and_no_attempt
1701,no_attack,severity=0_and_no_attempt
1702,no_attack,severity=0_and_no_attempt
1703,no_attack,severity=0_and_no_attempt
1704,no_attack,severity=0_and_no_attempt
1713,unsuccess_attack,severity=0_but_attack_vector_not_no_attempt
1714,unsuccess_attack,severity=0_but_attack_vector_not_no_attempt
1715,unsuccess_attack,severity=0_but_attack_vector_not_no_attempt
1716,no_attack,severity=0_and_no_attempt
1717,no_attack,severity=0_and_no_attempt
1718,no_attack,severity=0_and_no_attempt
1719,unsuccess_attack,severity=0_but_attack_vector_not_no_attempt
1720,no_attack,severity=0_and_no_attempt
1721,unsuccess_attack,severity=0_but_attack_vector_not_no_attempt
1722,no_attack,severity=0_and_no_attempt
1723,unsuccess_attack,severity=0_but_attack_vector_not_no_attempt
1726,unsuccess_attack,severity=0_but_attack_vector_not_no_attempt
1727,unsuccess_attack,severity=0_but_attack_vector_not_no_attempt
1728,no_attack,severity=0_and_no_attempt
1729,unsuccess_attack,severity=0_but_attack_vector_not_no_attempt
1730,success_attack,severity>=1
1733,success_attack,severity>=1
1734,no_attack,severity=0_and_no_attempt
1735,no_attack,severity=0_and_no_attempt
1738,no_attack,severity=0_and_no_attempt
1739,unsuccess_attack,severity=0_but_attack_vector_not_no_attempt
1740,unsuccess_attack,severity=0_but_attack_vector_not_no_attempt
1746,no_attack,severity=0_and_no_attempt
1747,unsuccess_attack,severity=0_but_attack_vector_not_no_attempt
1748,no_attack,severity=0_and_no_attempt
1749,success_attack,severity>=1
1751,unsuccess_attack,severity=0_but_attack_vector_not_no_attempt
1753,unsuccess_attack,severity=0_but_attack_vector_not_no_attempt
1754,unsuccess_attack,severity=0_but_attack_vector_not_no_attempt
1755,no_attack,severity=0_and_no_attempt
1756,unsuccess_attack,severity=0_but_attack_vector_not_no_attempt
1759,no_attack,severity=0_and_no_attempt
1760,no_attack,severity=0_and_no_attempt
1761,unsuccess_attack,severity=0_but_attack_vector_not_no_attempt
1764,unsuccess_attack,severity=0_but_attack_vector_not_no_attempt
1765,unsuccess_attack,severity=0_but_attack_vector_not_no_attempt
1769,unsuccess_attack,severity=0_but_attack_vector_not_no_attempt
1770,unsuccess_attack,severity=0_but_attack_vector_not_no_attempt
1773,no_attack,severity=0_and_no_attempt
1775,unsuccess_attack,severity=0_but_attack_vector_not_no_attempt
1778,success_attack,severity>=1
1779,no_attack,severity=0_and_no_attempt
1784,no_attack,severity=0_and_no_attempt
1785,no_attack,severity=0_and_no_attempt
1789,unsuccess_attack,severity=0_but_attack_vector_not_no_attempt
1790,unsuccess_attack,severity=0_but_attack_vector_not_no_attempt
1795,no_attack,severity=0_and_no_attempt
1796,unsuccess_attack,severity=0_but_attack_vector_not_no_attempt
1797,success_attack,severity>=1
1798,unsuccess_attack,severity=0_but_attack_vector_not_no_attempt
1799,no_attack,severity=0_and_no_attempt
1800,unsuccess_attack,severity=0_but_attack_vector_not_no_attempt
1801,no_attack,severity=0_and_no_attempt
1802,no_attack,severity=0_and_no_attempt
1803,no_attack,severity=0_and_no_attempt
1804,unsuccess_attack,severity=0_but_attack_vector_not_no_attempt
1805,no_attack,severity=0_and_no_attempt
1808,unsuccess_attack,severity=0_but_attack_vector_not_no_attempt
1809,success_attack,severity>=1
1810,no_attack,severity=0_and_no_attempt
1811,unsuccess_attack,severity=0_but_attack_vector_not_no_attempt
1812,success_attack,severity>=1
1813,success_attack,severity>=1
1814,no_attack,severity=0_and_no_attempt
1815,unsuccess_attack,severity=0_but_attack_vector_not_no_attempt
1816,no_attack,severity=0_and_no_attempt
1817,no_attack,severity=0_and_no_attempt
1818,no_attack,severity=0_and_no_attempt
1819,no_attack,severity=0_and_no_attempt
1820,no_attack,severity=0_and_no_attempt
1822,no_attack,severity=0_and_no_attempt
1824,no_attack,severity=0_and_no_attempt
1826,no_attack,severity=0_and_no_attempt
1831,no_attack,severity=0_and_no_attempt
1842,unsuccess_attack,severity=0_but_attack_vector_not_no_attempt
1843,unsuccess_attack,severity=0_but_attack_vector_not_no_attempt
1846,no_attack,severity=0_and_no_attempt
1849,no_attack,severity=0_and_no_attempt
1850,no_attack,severity=0_and_no_attempt
1851,unsuccess_attack,severity=0_but_attack_vector_not_no_attempt
1854,unsuccess_attack,severity=0_but_attack_vector_not_no_attempt
1856,no_attack,severity=0_and_no_attempt
1858,no_attack,severity=0_and_no_attempt
1859,no_attack,severity=0_and_no_attempt
1860,no_attack,severity=0_and_no_attempt
1862,unsuccess_attack,severity=0_but_attack_vector_not_no_attempt
1869,unsuccess_attack,severity=0_but_attack_vector_not_no_attempt
1870,no_attack,severity=0_and_no_attempt
1876,no_attack,severity=0_and_no_attempt
1886,no_attack,severity=0_and_no_attempt
1890,unsuccess_attack,severity=0_but_attack_vector_not_no_attempt
1891,unsuccess_attack,severity=0_but_attack_vector_not_no_attempt
1892,unsuccess_attack,severity=0_but_attack_vector_not_no_attempt
1894,unsuccess_attack,severity=0_but_attack_vector_not_no_attempt
1896,unsuccess_attack,severity=0_but_attack_vector_not_no_attempt
1897,unsuccess_attack,severity=0_but_attack_vector_not_no_attempt
1898,no_attack,severity=0_and_no_attempt
1899,unsuccess_attack,severity=0_but_attack_vector_not_no_attempt
1900,no_attack,severity=0_and_no_attempt
1902,unsuccess_attack,severity=0_but_attack_vector_not_no_attempt
1911,unsuccess_attack,severity=0_but_attack_vector_not_no_attempt
1912,no_attack,severity=0_and_no_attempt
1913,no_attack,severity=0_and_no_attempt
1917,no_attack,severity=0_and_no_attempt
1919,unsuccess_attack,severity=0_but_attack_vector_not_no_attempt
1921,no_attack,severity=0_and_no_attempt
1922,unsuccess_attack,severity=0_but_attack_vector_not_no_attempt
1923,unsuccess_attack,severity=0_but_attack_vector_not_no_attempt
1924,unsuccess_attack,severity=0_but_attack_vector_not_no_attempt
1925,success_attack,severity>=1
1926,success_attack,severity>=1
1927,unsuccess_attack,severity=0_but_attack_vector_not_no_attempt
1928,success_attack,severity>=1
1929,success_attack,severity>=1
1930,no_attack,severity=0_and_no_attempt
1932,unsuccess_attack,severity=0_but_attack_vector_not_no_attempt
1937,no_attack,severity=0_and_no_attempt
1939,no_attack,severity=0_and_no_attempt
1941,no_attack,severity=0_and_no_attempt
1942,no_attack,severity=0_and_no_attempt
1943,no_attack,severity=0_and_no_attempt
1946,no_attack,severity=0_and_no_attempt
1947,unsuccess_attack,severity=0_but_attack_vector_not_no_attempt
1963,unsuccess_attack,severity=0_but_attack_vector_not_no_attempt
1964,unsuccess_attack,severity=0_but_attack_vector_not_no_attempt
1968,no_attack,severity=0_and_no_attempt
1969,success_attack,severity>=1
1970,no_attack,severity=0_and_no_attempt
1971,unsuccess_attack,severity=0_but_attack_vector_not_no_attempt
1973,no_attack,severity=0_and_no_attempt
1974,no_attack,severity=0_and_no_attempt
1976,no_attack,severity=0_and_no_attempt
1978,unsuccess_attack,severity=0_but_attack_vector_not_no_attempt
1980,no_attack,severity=0_and_no_attempt
1981,unsuccess_attack,severity=0_but_attack_vector_not_no_attempt
1982,no_attack,severity=0_and_no_attempt
1983,unsuccess_attack,severity=0_but_attack_vector_not_no_attempt
1986,no_attack,severity=0_and_no_attempt
1987,unsuccess_attack,severity=0_but_attack_vector_not_no_attempt
1988,success_attack,severity>=1
1990,no_attack,severity=0_and_no_attempt
1991,no_attack,severity=0_and_no_attempt
1992,no_attack,severity=0_and_no_attempt
1998,no_attack,severity=0_and_no_attempt
1999,unsuccess_attack,severity=0_but_attack_vector_not_no_attempt
2004,unsuccess_attack,severity=0_but_attack_vector_not_no_attempt
2007,unsuccess_attack,severity=0_but_attack_vector_not_no_attempt
2010,unsuccess_attack,severity=0_but_attack_vector_not_no_attempt
2020,no_attack,severity=0_and_no_attempt
2022,unsuccess_attack,severity=0_but_attack_vector_not_no_attempt
2023,unsuccess_attack,severity=0_but_attack_vector_not_no_attempt
2024,no_attack,severity=0_and_no_attempt
2025,unsuccess_attack,severity=0_but_attack_vector_not_no_attempt
2026,no_attack,severity=0_and_no_attempt
2029,unsuccess_attack,severity=0_but_attack_vector_not_no_attempt
2030,unsuccess_attack,severity=0_but_attack_vector_not_no_attempt
2033,unsuccess_attack,severity=0_but_attack_vector_not_no_attempt
2038,unsuccess_attack,severity=0_but_attack_vector_not_no_attempt
2041,unsuccess_attack,severity=0_but_attack_vector_not_no_attempt
2045,unsuccess_attack,severity=0_but_attack_vector_not_no_attempt
2046,unsuccess_attack,severity=0_but_attack_vector_not_no_attempt
2049,no_attack,severity=0_and_no_attempt
2051,unsuccess_attack,severity=0_but_attack_vector_not_no_attempt
2052,success_attack,severity>=1
2055,unsuccess_attack,severity=0_but_attack_vector_not_no_attempt
2057,no_attack,severity=0_and_no_attempt
2059,success_attack,severity>=1
2060,unsuccess_attack,severity=0_but_attack_vector_not_no_attempt
2061,unsuccess_attack,severity=0_but_attack_vector_not_no_attempt
2062,unsuccess_attack,severity=0_but_attack_vector_not_no_attempt
2063,unsuccess_attack,severity=0_but_attack_vector_not_no_attempt
2064,unsuccess_attack,severity=0_but_attack_vector_not_no_attempt
2067,unsuccess_attack,severity=0_but_attack_vector_not_no_attempt
2071,unsuccess_attack,severity=0_but_attack_vector_not_no_attempt
2072,no_attack,severity=0_and_no_attempt
2073,unsuccess_attack,severity=0_but_attack_vector_not_no_attempt
2075,no_attack,severity=0_and_no_attempt
2076,success_attack,severity>=1
2078,no_attack,severity=0_and_no_attempt
2079,no_attack,severity=0_and_no_attempt
2080,unsuccess_attack,severity=0_but_attack_vector_not_no_attempt
2081,unsuccess_attack,severity=0_but_attack_vector_not_no_attempt
2083,no_attack,severity=0_and_no_attempt
2084,unsuccess_attack,severity=0_but_attack_vector_not_no_attempt
2086,unsuccess_attack,severity=0_but_attack_vector_not_no_attempt
2089,no_attack,severity=0_and_no_attempt
2090,unsuccess_attack,severity=0_but_attack_vector_not_no_attempt
2091,unsuccess_attack,severity=0_but_attack_vector_not_no_attempt
2092,unsuccess_attack,severity=0_but_attack_vector_not_no_attempt
2093,unsuccess_attack,severity=0_but_attack_vector_not_no_attempt
2095,no_attack,severity=0_and_no_attempt
2096,unsuccess_attack,severity=0_but_attack_vector_not_no_attempt
2097,no_attack,severity=0_and_no_attempt
2098,success_attack,severity>=1
2099,unsuccess_attack,severity=0_but_attack_vector_not_no_attempt
2100,no_attack,severity=0_and_no_attempt
2101,no_attack,severity=0_and_no_attempt
2102,no_attack,severity=0_and_no_attempt
2103,unsuccess_attack,severity=0_but_attack_vector_not_no_attempt
2104,unsuccess_attack,severity=0_but_attack_vector_not_no_attempt
2105,no_attack,severity=0_and_no_attempt
2106,unsuccess_attack,severity=0_but_attack_vector_not_no_attempt
2107,no_attack,severity=0_and_no_attempt
2108,no_attack,severity=0_and_no_attempt
2109,no_attack,severity=0_and_no_attempt
2110,no_attack,severity=0_and_no_attempt
2111,no_attack,severity=0_and_no_attempt
2112,no_attack,severity=0_and_no_attempt
2113,unsuccess_attack,severity=0_but_attack_vector_not_no_attempt
2114,unsuccess_attack,severity=0_but_attack_vector_not_no_attempt
2115,unsuccess_attack,severity=0_but_attack_vector_not_no_attempt
2118,success_attack,severity>=1
2120,unsuccess_attack,severity=0_but_attack_vector_not_no_attempt
2121,no_attack,severity=0_and_no_attempt
2122,success_attack,severity>=1
2123,no_attack,severity=0_and_no_attempt
2124,unsuccess_attack,severity=0_but_attack_vector_not_no_attempt
2125,unsuccess_attack,severity=0_but_attack_vector_not_no_attempt
2126,success_attack,severity>=1
2129,unsuccess_attack,severity=0_but_attack_vector_not_no_attempt
2130,unsuccess_attack,severity=0_but_attack_vector_not_no_attempt
2131,unsuccess_attack,severity=0_but_attack_vector_not_no_attempt
2132,unsuccess_attack,severity=0_but_attack_vector_not_no_attempt
2133,success_attack,severity>=1
2134,unsuccess_attack,severity=0_but_attack_vector_not_no_attempt
2136,success_attack,severity>=1
2138,success_attack,severity>=1
2139,no_attack,severity=0_and_no_attempt
2146,unsuccess_attack,severity=0_but_attack_vector_not_no_attempt
2148,no_attack,severity=0_and_no_attempt
2149,no_attack,severity=0_and_no_attempt
2150,no_attack,severity=0_and_no_attempt
2151,no_attack,severity=0_and_no_attempt
2157,no_attack,severity=0_and_no_attempt
2158,unsuccess_attack,severity=0_but_attack_vector_not_no_attempt
2159,unsuccess_attack,severity=0_but_attack_vector_not_no_attempt
2160,unsuccess_attack,severity=0_but_attack_vector_not_no_attempt
2161,unsuccess_attack,severity=0_but_attack_vector_not_no_attempt
2162,unsuccess_attack,severity=0_but_attack_vector_not_no_attempt
2163,unsuccess_attack,severity=0_but_attack_vector_not_no_attempt
2164,unsuccess_attack,severity=0_but_attack_vector_not_no_attempt
2165,success_attack,severity>=1
2166,success_attack,severity>=1
2177,unsuccess_attack,severity=0_but_attack_vector_not_no_attempt
2182,no_attack,severity=0_and_no_attempt
2183,no_attack,severity=0_and_no_attempt
2184,no_attack,severity=0_and_no_attempt
2185,no_attack,severity=0_and_no_attempt
2186,no_attack,severity=0_and_no_attempt
2187,no_attack,severity=0_and_no_attempt
2188,unsuccess_attack,severity=0_but_attack_vector_not_no_attempt
2189,no_attack,severity=0_and_no_attempt
2196,no_attack,severity=0_and_no_attempt
2197,no_attack,severity=0_and_no_attempt
2203,no_attack,severity=0_and_no_attempt
2207,no_attack,severity=0_and_no_attempt
2208,no_attack,severity=0_and_no_attempt
2209,unsuccess_attack,severity=0_but_attack_vector_not_no_attempt
2212,success_attack,severity>=1
2219,unsuccess_attack,severity=0_but_attack_vector_not_no_attempt
2220,no_attack,severity=0_and_no_attempt
2221,no_attack,severity=0_and_no_attempt
2223,no_attack,severity=0_and_no_attempt
2224,no_attack,severity=0_and_no_attempt
2225,unsuccess_attack,severity=0_but_attack_vector_not_no_attempt
2226,no_attack,severity=0_and_no_attempt
2227,unsuccess_attack,severity=0_but_attack_vector_not_no_attempt
2230,no_attack,severity=0_and_no_attempt
2231,unsuccess_attack,severity=0_but_attack_vector_not_no_attempt
2232,no_attack,severity=0_and_no_attempt
2233,no_attack,severity=0_and_no_attempt
2234,no_attack,severity=0_and_no_attempt
2235,no_attack,severity=0_and_no_attempt
2236,no_attack,severity=0_and_no_attempt
2237,unsuccess_attack,severity=0_but_attack_vector_not_no_attempt
2238,no_attack,severity=0_and_no_attempt
2239,unsuccess_attack,severity=0_but_attack_vector_not_no_attempt
2241,unsuccess_attack,severity=0_but_attack_vector_not_no_attempt
2242,unsuccess_attack,severity=0_but_attack_vector_not_no_attempt
2243,no_attack,severity=0_and_no_attempt
2244,no_attack,severity=0_and_no_attempt
2245,unsuccess_attack,severity=0_but_attack_vector_not_no_attempt
2246,no_attack,severity=0_and_no_attempt
2247,no_attack,severity=0_and_no_attempt
2248,unsuccess_attack,severity=0_but_attack_vector_not_no_attempt
2249,unsuccess_attack,severity=0_but_attack_vector_not_no_attempt
2250,success_attack,severity>=1
2251,unsuccess_attack,severity=0_but_attack_vector_not_no_attempt
2252,success_attack,severity>=1
2253,unsuccess_attack,severity=0_but_attack_vector_not_no_attempt
2254,unsuccess_attack,severity=0_but_attack_vector_not_no_attempt
2255,no_attack,severity=0_and_no_attempt
2266,no_attack,severity=0_and_no_attempt
2267,no_attack,severity=0_and_no_attempt
2270,no_attack,severity=0_and_no_attempt
2278,no_attack,severity=0_and_no_attempt
2279,unsuccess_attack,severity=0_but_attack_vector_not_no_attempt
2282,success_attack,severity>=1
2283,unsuccess_attack,severity=0_but_attack_vector_not_no_attempt
2285,unsuccess_attack,severity=0_but_attack_vector_not_no_attempt
2286,no_attack,severity=0_and_no_attempt
2287,success_attack,severity>=1
2288,success_attack,severity>=1
2292,success_attack,severity>=1
2293,no_attack,severity=0_and_no_attempt
2294,no_attack,severity=0_and_no_attempt
2295,no_attack,severity=0_and_no_attempt
2296,no_attack,severity=0_and_no_attempt
2297,unsuccess_attack,severity=0_but_attack_vector_not_no_attempt
2298,unsuccess_attack,severity=0_but_attack_vector_not_no_attempt
2299,success_attack,severity>=1
2300,unsuccess_attack,severity=0_but_attack_vector_not_no_attempt
2304,no_attack,severity=0_and_no_attempt
2305,no_attack,severity=0_and_no_attempt
2308,unsuccess_attack,severity=0_but_attack_vector_not_no_attempt
2318,no_attack,severity=0_and_no_attempt
2320,unsuccess_attack,severity=0_but_attack_vector_not_no_attempt
2321,no_attack,severity=0_and_no_attempt
2322,success_attack,severity>=1
2329,no_attack,severity=0_and_no_attempt
2335,no_attack,severity=0_and_no_attempt
2354,no_attack,severity=0_and_no_attempt
2356,no_attack,severity=0_and_no_attempt
2357,no_attack,severity=0_and_no_attempt
2358,no_attack,severity=0_and_no_attempt
2362,no_attack,severity=0_and_no_attempt
2363,unsuccess_attack,severity=0_but_attack_vector_not_no_attempt
2364,no_attack,severity=0_and_no_attempt
2365,no_attack,severity=0_and_no_attempt
2366,no_attack,severity=0_and_no_attempt
2367,no_attack,severity=0_and_no_attempt
2368,no_attack,severity=0_and_no_attempt
2369,no_attack,severity=0_and_no_attempt
2370,no_attack,severity=0_and_no_attempt
2371,no_attack,severity=0_and_no_attempt
2372,no_attack,severity=0_and_no_attempt
2373,no_attack,severity=0_and_no_attempt
2374,unsuccess_attack,severity=0_but_attack_vector_not_no_attempt
2375,no_attack,severity=0_and_no_attempt
2376,unsuccess_attack,severity=0_but_attack_vector_not_no_attempt
2377,success_attack,severity>=1
2378,unsuccess_attack,severity=0_but_attack_vector_not_no_attempt
2379,unsuccess_attack,severity=0_but_attack_vector_not_no_attempt
2380,no_attack,severity=0_and_no_attempt
2381,no_attack,severity=0_and_no_attempt
2383,no_attack,severity=0_and_no_attempt
2385,no_attack,severity=0_and_no_attempt
2386,no_attack,severity=0_and_no_attempt
2387,no_attack,severity=0_and_no_attempt
2388,no_attack,severity=0_and_no_attempt
2389,success_attack,severity>=1
2390,unsuccess_attack,severity=0_but_attack_vector_not_no_attempt
2391,unsuccess_attack,severity=0_but_attack_vector_not_no_attempt
2392,no_attack,severity=0_and_no_attempt
2393,no_attack,severity=0_and_no_attempt
2394,no_attack,severity=0_and_no_attempt
2396,unsuccess_attack,severity=0_but_attack_vector_not_no_attempt
2398,no_attack,severity=0_and_no_attempt
2400,success_attack,severity>=1
2401,success_attack,severity>=1
2402,unsuccess_attack,severity=0_but_attack_vector_not_no_attempt
2409,unsuccess_attack,severity=0_but_attack_vector_not_no_attempt
2410,no_attack,severity=0_and_no_attempt
2412,no_attack,severity=0_and_no_attempt
2413,unsuccess_attack,severity=0_but_attack_vector_not_no_attempt
2414,unsuccess_attack,severity=0_but_attack_vector_not_no_attempt
2415,unsuccess_attack,severity=0_but_attack_vector_not_no_attempt
2423,no_attack,severity=0_and_no_attempt
2424,unsuccess_attack,severity=0_but_attack_vector_not_no_attempt
2426,no_attack,severity=0_and_no_attempt
2429,unsuccess_attack,severity=0_but_attack_vector_not_no_attempt
2430,unsuccess_attack,severity=0_but_attack_vector_not_no_attempt
2431,no_attack,severity=0_and_no_attempt
2432,unsuccess_attack,severity=0_but_attack_vector_not_no_attempt
2433,unsuccess_attack,severity=0_but_attack_vector_not_no_attempt
2434,no_attack,severity=0_and_no_attempt
2435,no_attack,severity=0_and_no_attempt
2436,unsuccess_attack,severity=0_but_attack_vector_not_no_attempt
2437,unsuccess_attack,severity=0_but_attack_vector_not_no_attempt
2440,unsuccess_attack,severity=0_but_attack_vector_not_no_attempt
2441,unsuccess_attack,severity=0_but_attack_vector_not_no_attempt
2442,unsuccess_attack,severity=0_but_attack_vector_not_no_attempt
2443,no_attack,severity=0_and_no_attempt
2444,unsuccess_attack,severity=0_but_attack_vector_not_no_attempt
2445,no_attack,severity=0_and_no_attempt
2446,no_attack,severity=0_and_no_attempt
2447,no_attack,severity=0_and_no_attempt
2448,unsuccess_attack,severity=0_but_attack_vector_not_no_attempt
2449,unsuccess_attack,severity=0_but_attack_vector_not_no_attempt
2450,unsuccess_attack,severity=0_but_attack_vector_not_no_attempt
2472,no_attack,severity=0_and_no_attempt
2473,no_attack,severity=0_and_no_attempt
2474,no_attack,severity=0_and_no_attempt
2489,unsuccess_attack,severity=0_but_attack_vector_not_no_attempt
2491,success_attack,severity>=1
2492,unsuccess_attack,severity=0_but_attack_vector_not_no_attempt
2493,unsuccess_attack,severity=0_but_attack_vector_not_no_attempt
2494,success_attack,severity>=1
2495,no_attack,severity=0_and_no_attempt
1337,no_attack,severity=0_and_no_attempt
1345,no_attack,severity=0_and_no_attempt
1366,unsuccess_attack,severity=0_but_attack_vector_not_no_attempt
1602,unsuccess_attack,severity=0_but_attack_vector_not_no_attempt
1605,unsuccess_attack,severity=0_but_attack_vector_not_no_attempt
1648,no_attack,severity=0_and_no_attempt
1736,no_attack,severity=0_and_no_attempt
1893,no_attack,severity=0_and_no_attempt
1915,no_attack,severity=0_and_no_attempt
2056,no_attack,severity=0_and_no_attempt
2145,no_attack,severity=0_and_no_attempt
