phase,phase_turn_count,rank,action,count,proportion,conversation_count,proportion_of_success_conversations,all_conversation_count,success_rate_among_conversations_with_pattern
Attack Construction,357,1,Roleplay Setup,215,0.602241,27,0.234783,89,0.303371
Attack Construction,357,2,Fictional Scenario,90,0.252101,17,0.147826,37,0.459459
Attack Construction,357,3,Hypothetical Framing,36,0.10084,16,0.13913,62,0.258065
Attack Construction,357,4,Response Format Control,16,0.044818,5,0.043478,11,0.454545
Escalation,340,1,Persistence After Refusal,210,0.617647,53,0.46087,206,0.257282
Escalation,340,2,Incremental Escalation,122,0.358824,37,0.321739,121,0.305785
Escalation,340,3,Topic Shift,8,0.023529,8,0.069565,36,0.222222
Goal Execution,126,1,Restricted Content Request,104,0.825397,38,0.330435,152,0.25
Goal Execution,126,2,System Prompt Extraction,14,0.111111,10,0.086957,33,0.30303
Goal Execution,126,3,Safety Override Request,8,0.063492,4,0.034783,29,0.137931
Reconnaissance,233,1,Boundary Probing,181,0.776824,50,0.434783,292,0.171233
Reconnaissance,233,2,Identity / Capability Probing,52,0.223176,23,0.2,165,0.139394
Setup,523,1,Clarification Request,203,0.388145,44,0.382609,274,0.160584
Setup,523,2,Casual Conversation,133,0.254302,29,0.252174,256,0.113281
Setup,523,3,Course-related Question,110,0.210325,39,0.33913,284,0.137324
Setup,523,4,Benign Opening,77,0.147228,35,0.304348,291,0.120275
Trust Building,133,1,Educational Framing,71,0.533835,25,0.217391,86,0.290698
Trust Building,133,2,Emotional Pressure,39,0.293233,18,0.156522,83,0.216867
Trust Building,133,3,Personal Anecdote,13,0.097744,8,0.069565,32,0.25
Trust Building,133,4,Authority Claim,8,0.06015,7,0.06087,31,0.225806
Trust Building,133,5,Permission Claim,2,0.015038,2,0.017391,13,0.153846
