scope,rank,source,target,transition,count,proportion_of_all_transitions,proportion_of_success_transition,conditional_probability,conversation_count,proportion_of_success_conversations,all_conversation_count,success_rate_among_conversations_with_pattern
success_attack,1,Setup,Reconnaissance,Setup -> Reconnaissance,50,0.02318,0.08726,0.4,33,0.286957,220,0.15
success_attack,2,Reconnaissance,Escalation,Reconnaissance -> Escalation,41,0.019008,0.071553,0.372727,25,0.217391,108,0.231481
success_attack,3,Attack Construction,Escalation,Attack Construction -> Escalation,34,0.015763,0.059337,0.386364,19,0.165217,54,0.351852
success_attack,4,Reconnaissance,Setup,Reconnaissance -> Setup,34,0.015763,0.059337,0.309091,21,0.182609,157,0.133758
success_attack,5,Escalation,Reconnaissance,Escalation -> Reconnaissance,33,0.015299,0.057592,0.286957,21,0.182609,61,0.344262
success_attack,6,Goal Execution,Escalation,Goal Execution -> Escalation,32,0.014835,0.055846,0.484848,23,0.2,79,0.291139
success_attack,7,Escalation,Attack Construction,Escalation -> Attack Construction,25,0.01159,0.04363,0.217391,15,0.130435,39,0.384615
success_attack,8,Escalation,Setup,Escalation -> Setup,22,0.010199,0.038394,0.191304,13,0.113043,68,0.191176
success_attack,9,Setup,Escalation,Setup -> Escalation,20,0.009272,0.034904,0.16,14,0.121739,62,0.225806
success_attack,10,Setup,Trust Building,Setup -> Trust Building,20,0.009272,0.034904,0.16,18,0.156522,60,0.3
success_attack,11,Trust Building,Attack Construction,Trust Building -> Attack Construction,19,0.008809,0.033159,0.275362,13,0.113043,27,0.481481
success_attack,12,Escalation,Goal Execution,Escalation -> Goal Execution,19,0.008809,0.033159,0.165217,16,0.13913,52,0.307692
success_attack,13,Setup,Attack Construction,Setup -> Attack Construction,18,0.008345,0.031414,0.144,14,0.121739,53,0.264151
success_attack,14,Trust Building,Escalation,Trust Building -> Escalation,17,0.007881,0.029668,0.246377,14,0.121739,53,0.264151
success_attack,15,Setup,Goal Execution,Setup -> Goal Execution,17,0.007881,0.029668,0.136,12,0.104348,40,0.3
success_attack,16,Attack Construction,Goal Execution,Attack Construction -> Goal Execution,17,0.007881,0.029668,0.193182,14,0.121739,35,0.4
success_attack,17,Trust Building,Setup,Trust Building -> Setup,17,0.007881,0.029668,0.246377,14,0.121739,50,0.28
success_attack,18,Escalation,Trust Building,Escalation -> Trust Building,16,0.007418,0.027923,0.13913,11,0.095652,48,0.229167
success_attack,19,Attack Construction,Trust Building,Attack Construction -> Trust Building,16,0.007418,0.027923,0.181818,13,0.113043,26,0.5
success_attack,20,Attack Construction,Setup,Attack Construction -> Setup,16,0.007418,0.027923,0.181818,13,0.113043,42,0.309524
