source,target,transition,transition_count,success_transition_count,conversation_count,success_count,success_rate,success_lift,attempt_targets,success_next_nodes,example_conversation_ids
Setup,Attack Construction,Setup -> Attack Construction,135,45,107,36,0.336449,0.191017,"{""Swearing"": 10, ""Break Character"": 7, ""Inappropriate Topics"": 7, ""Slur"": 5, ""Political/Social/Bias"": 3, ""Incorrect Information"": 3, ""General Break"": 1}","{""Goal Execution"": 17, ""Escalation"": 12, ""Setup"": 11, ""Trust Building"": 3}",1384; 2118; 2133; 1369; 2250
Setup,Goal Execution,Setup -> Goal Execution,236,38,180,33,0.183333,0.037902,"{""Swearing"": 13, ""Inappropriate Topics"": 10, ""Slur"": 4, ""General Break"": 2, ""Leak Information"": 1, ""Incorrect Information"": 1, ""Break Character"": 1, ""Political/Social/Bias"": 1}","{""Escalation"": 8, ""Attack Construction"": 7, ""Setup"": 6, ""Trust Building"": 4}",2133; 2252; 1929; 1154; 1808
Attack Construction,Goal Execution,Attack Construction -> Goal Execution,94,38,71,31,0.43662,0.291189,"{""Inappropriate Topics"": 11, ""Swearing"": 7, ""Break Character"": 4, ""Political/Social/Bias"": 4, ""Slur"": 3, ""Incorrect Information"": 1, ""General Break"": 1}","{""Escalation"": 13, ""Attack Construction"": 5, ""Setup"": 4}",2118; 1369; 1466; 1468; 1808
Goal Execution,Escalation,Goal Execution -> Escalation,164,30,122,26,0.213115,0.067684,"{""Inappropriate Topics"": 8, ""Swearing"": 5, ""Political/Social/Bias"": 4, ""Slur"": 3, ""Break Character"": 2, ""Incorrect Information"": 2, ""Leak Information"": 1, ""General Break"": 1}","{""Goal Execution"": 11, ""Setup"": 5, ""Attack Construction"": 3, ""Trust Building"": 3}",1397; 1466; 1540; 1468; 2250
Attack Construction,Setup,Attack Construction -> Setup,85,30,65,22,0.338462,0.19303,"{""Swearing"": 4, ""Break Character"": 4, ""Inappropriate Topics"": 4, ""Incorrect Information"": 3, ""Slur"": 3, ""General Break"": 2, ""Leak Information"": 1, ""Political/Social/Bias"": 1}","{""Attack Construction"": 11, ""Goal Execution"": 5, ""Escalation"": 4, ""Trust Building"": 2}",1384; 2133; 1369; 1929; 1680
Attack Construction,Escalation,Attack Construction -> Escalation,79,25,62,21,0.33871,0.193279,"{""Swearing"": 5, ""Inappropriate Topics"": 5, ""Break Character"": 4, ""Political/Social/Bias"": 3, ""Slur"": 3, ""Incorrect Information"": 1}","{""Attack Construction"": 6, ""Goal Execution"": 6, ""Trust Building"": 4, ""Setup"": 2}",1369; 1180; 1172; 1488; 2494
Setup,Escalation,Setup -> Escalation,150,23,114,20,0.175439,0.030007,"{""Swearing"": 7, ""Slur"": 4, ""General Break"": 3, ""Break Character"": 2, ""Incorrect Information"": 2, ""Political/Social/Bias"": 1, ""Inappropriate Topics"": 1}","{""Attack Construction"": 5, ""Goal Execution"": 4, ""Setup"": 3, ""Trust Building"": 2}",1369; 1199; 1205; 1680; 2231
Escalation,Goal Execution,Escalation -> Goal Execution,120,22,88,20,0.227273,0.081842,"{""Swearing"": 5, ""Inappropriate Topics"": 5, ""Political/Social/Bias"": 3, ""Break Character"": 2, ""Slur"": 2, ""Leak Information"": 1, ""Incorrect Information"": 1, ""General Break"": 1}","{""Escalation"": 5, ""Setup"": 4, ""Attack Construction"": 2}",1540; 1468; 1809; 1488; 1692
Goal Execution,Attack Construction,Goal Execution -> Attack Construction,61,18,49,17,0.346939,0.201508,"{""Inappropriate Topics"": 4, ""Swearing"": 3, ""General Break"": 2, ""Leak Information"": 2, ""Incorrect Information"": 2, ""Break Character"": 2, ""Political/Social/Bias"": 1, ""Slur"": 1}","{""Setup"": 8, ""Goal Execution"": 5, ""Escalation"": 3}",2118; 2133; 1808; 2126; 1692
Goal Execution,Setup,Goal Execution -> Setup,169,18,123,16,0.130081,-0.01535,"{""Swearing"": 7, ""Inappropriate Topics"": 4, ""General Break"": 2, ""Incorrect Information"": 1, ""Break Character"": 1, ""Slur"": 1}","{""Goal Execution"": 6, ""Escalation"": 2, ""Attack Construction"": 2}",1154; 1733; 2231; 1778; 1925
Escalation,Attack Construction,Escalation -> Attack Construction,55,15,45,14,0.311111,0.16568,"{""Inappropriate Topics"": 4, ""Break Character"": 3, ""Political/Social/Bias"": 2, ""Leak Information"": 1, ""General Break"": 1, ""Incorrect Information"": 1, ""Swearing"": 1, ""Slur"": 1}","{""Escalation"": 5, ""Setup"": 5, ""Goal Execution"": 3, ""Trust Building"": 2}",1369; 1172; 1680; 2494; 1486
Trust Building,Attack Construction,Trust Building -> Attack Construction,29,18,23,12,0.521739,0.376308,"{""Inappropriate Topics"": 5, ""Break Character"": 4, ""Swearing"": 1, ""General Break"": 1, ""Political/Social/Bias"": 1}","{""Goal Execution"": 6, ""Trust Building"": 4, ""Escalation"": 3, ""Setup"": 2}",1369; 1488; 1390; 1503; 1278
Trust Building,Escalation,Trust Building -> Escalation,63,15,52,12,0.230769,0.085338,"{""Swearing"": 4, ""Break Character"": 3, ""Inappropriate Topics"": 3, ""General Break"": 1, ""Slur"": 1}","{""Setup"": 5, ""Trust Building"": 5, ""Goal Execution"": 1}",1369; 1446; 2231; 1390; 1730
Attack Construction,Trust Building,Attack Construction -> Trust Building,32,15,27,11,0.407407,0.261976,"{""Inappropriate Topics"": 4, ""Break Character"": 4, ""General Break"": 1, ""Political/Social/Bias"": 1, ""Incorrect Information"": 1}","{""Attack Construction"": 8, ""Goal Execution"": 3, ""Setup"": 2, ""Escalation"": 2}",2133; 1369; 1269; 1488; 1390
Setup,Trust Building,Setup -> Trust Building,105,12,86,11,0.127907,-0.017524,"{""Swearing"": 3, ""Incorrect Information"": 3, ""Inappropriate Topics"": 2, ""Break Character"": 1, ""General Break"": 1, ""Slur"": 1}","{""Setup"": 3, ""Goal Execution"": 3, ""Escalation"": 2, ""Attack Construction"": 2}",1397; 2401; 1733; 2494; 1157
Trust Building,Goal Execution,Trust Building -> Goal Execution,52,12,42,11,0.261905,0.116474,"{""Swearing"": 3, ""Inappropriate Topics"": 3, ""General Break"": 2, ""Incorrect Information"": 2, ""Break Character"": 1}","{""Trust Building"": 2, ""Escalation"": 2, ""Attack Construction"": 2, ""Setup"": 2}",1397; 2401; 1733; 1454; 1329
Escalation,Setup,Escalation -> Setup,119,15,82,10,0.121951,-0.02348,"{""Swearing"": 5, ""Break Character"": 2, ""General Break"": 2, ""Inappropriate Topics"": 1}","{""Escalation"": 6, ""Attack Construction"": 2, ""Goal Execution"": 2, ""Trust Building"": 1}",1397; 1369; 1298; 1730; 1926
Escalation,Trust Building,Escalation -> Trust Building,46,14,35,10,0.285714,0.140283,"{""Inappropriate Topics"": 3, ""Swearing"": 2, ""Break Character"": 2, ""Incorrect Information"": 1, ""Slur"": 1, ""General Break"": 1}","{""Escalation"": 6, ""Setup"": 4, ""Attack Construction"": 3, ""Goal Execution"": 1}",2231; 1390; 2255; 1447; 2491
Trust Building,Setup,Trust Building -> Setup,86,11,69,10,0.144928,-0.000504,"{""Inappropriate Topics"": 4, ""Break Character"": 2, ""Incorrect Information"": 2, ""Swearing"": 1, ""Slur"": 1}","{""Goal Execution"": 5, ""Attack Construction"": 2, ""Escalation"": 1}",2133; 1269; 2494; 1390; 1188
Goal Execution,Trust Building,Goal Execution -> Trust Building,64,10,54,8,0.148148,0.002717,"{""Swearing"": 5, ""Inappropriate Topics"": 3}","{""Goal Execution"": 5, ""Escalation"": 2, ""Setup"": 1}",1154; 1326; 1329; 1426; 1812
