id,source_pool,n_user_turns,num_phrases,num_phrases_review,phrase1_turns,phrase1_turns_review,phrase1_label,phrase1_label_review,phrase2_turns,phrase2_turns_review,phrase2_label,phrase2_label_review,phrase3_turns,phrase3_turns_review,phrase3_label,phrase3_label_review,phrase4_turns,phrase4_turns_review,phrase4_label,phrase4_label_review,phrase5_turns,phrase5_turns_review,phrase5_label,phrase5_label_review,phrase6_turns,phrase6_turns_review,phrase6_label,phrase6_label_review,phrase7_turns,phrase7_turns_review,phrase7_label,phrase7_label_review,phrase8_turns,phrase8_turns_review,phrase8_label,phrase8_label_review,phrase9_turns,phrase9_turns_review,phrase9_label,phrase9_label_review,phrase10_turns,phrase10_turns_review,phrase10_label,phrase10_label_review,phrase11_turns,phrase11_turns_review,phrase11_label,phrase11_label_review,phrase12_turns,phrase12_turns_review,phrase12_label,phrase12_label_review,phrase13_turns,phrase13_turns_review,phrase13_label,phrase13_label_review,phrase14_turns,phrase14_turns_review,phrase14_label,phrase14_label_review,phrase15_turns,phrase15_turns_review,phrase15_label,phrase15_label_review,phrase16_turns,phrase16_turns_review,phrase16_label,phrase16_label_review,phrase17_turns,phrase17_turns_review,phrase17_label,phrase17_label_review,phrase18_turns,phrase18_turns_review,phrase18_label,phrase18_label_review,phrase19_turns,phrase19_turns_review,phrase19_label,phrase19_label_review
1132,success_attack,16,11,6,T2-T6,T2-T8,Setup,V,T2-T10,T10-T10,Setup,Goal Execution,T8-T10,T12-T12,Goal Execution,Escalation,T12-T12,T14-T18,Escalation,Goal Execution,T12-T12,T20-T28,Escalation,Attack Construction,T14-T14,T30-T32,Setup,Escalation,T14-T28,,Goal Execution,,T16-T16,,Escalation,,T18-T18,,Setup,,T20-T32,,Escalation,,T30-T32,,Escalation,,,,,,,,,,,,,,,,,,,,,,,,,,,,,,,,,
1151,success_attack,2,2,V,T2-T2,V,Attack Construction,V,T4-T4,V,Setup,V,,,,,,,,,,,,,,,,,,,,,,,,,,,,,,,,,,,,,,,,,,,,,,,,,,,,,,,,,,,,,,,,,,,,
1153,success_attack,3,1,2,T2-T6,T2-T2,Setup,V,,T4-T6,,Goal Execution,,,,,,,,,,,,,,,,,,,,,,,,,,,,,,,,,,,,,,,,,,,,,,,,,,,,,,,,,,,,,,,,,,,,
1154,success_attack,7,4,V,T2-T2,V,Goal Execution,V,T4-T6,V,Trust Building,Setup,T8-T8,V,Goal Execution,V,T10-T14,V,Trust Building,V,,,,,,,,,,,,,,,,,,,,,,,,,,,,,,,,,,,,,,,,,,,,,,,,,,,,,,,,,,,,
1157,success_attack,15,3,V,T2-T24,V,Setup,V,T26-T26,V,Trust Building,V,T28-T30,V,Escalation,Trust Building,,,,,,,,,,,,,,,,,,,,,,,,,,,,,,,,,,,,,,,,,,,,,,,,,,,,,,,,,,,,,,,,
1172,success_attack,5,4,V,T2-T4,V,Setup,Attack Construction,T6-T6,V,Escalation,V,T8-T8,V,Attack Construction,V,T10-T10,V,Escalation,V,,,,,,,,,,,,,,,,,,,,,,,,,,,,,,,,,,,,,,,,,,,,,,,,,,,,,,,,,,,,
1177,success_attack,21,12,V,T2-T2,V,Setup,V,T4-T6,V,Trust Building,V,T8-T10,T8-T8,Escalation,V,T12-T14,T10-T12,Trust Building,Setup,T16-T16,T14-T14,Goal Execution,Trust Building,T18-T18,T16-T18,Escalation,V,T20-T20,V,Trust Building,V,T22-T28,V,Escalation,V,T30-T32,V,Trust Building,V,T34-T34,V,Escalation,V,T36-T36,V,Setup,V,T38-T42,V,Escalation,V,,,,,,,,,,,,,,,,,,,,,,,,,,,,
1180,success_attack,7,4,2,T2-T4,T2-T2,Attack Construction,V,T6-T8,T4-T14,Escalation,V,T10-T10,,Setup,,T12-T14,,Escalation,,,,,,,,,,,,,,,,,,,,,,,,,,,,,,,,,,,,,,,,,,,,,,,,,,,,,,,,,,,,,
1188,success_attack,3,2,V,T2-T2,V,Trust Building,V,T4-T6,V,Setup,V,,,,,,,,,,,,,,,,,,,,,,,,,,,,,,,,,,,,,,,,,,,,,,,,,,,,,,,,,,,,,,,,,,,,
1189,success_attack,2,2,V,T2-T2,V,Goal Execution,V,T4-T4,V,Attack Construction,V,,,,,,,,,,,,,,,,,,,,,,,,,,,,,,,,,,,,,,,,,,,,,,,,,,,,,,,,,,,,,,,,,,,,
1193,success_attack,7,1,2,T2-T14,T2-T2,Setup,V,,T4-T14,,Escalation,,,,,,,,,,,,,,,,,,,,,,,,,,,,,,,,,,,,,,,,,,,,,,,,,,,,,,,,,,,,,,,,,,,,
1196,success_attack,2,2,V,T2-T2,V,Goal Execution,V,T4-T4,V,Attack Construction,V,,,,,,,,,,,,,,,,,,,,,,,,,,,,,,,,,,,,,,,,,,,,,,,,,,,,,,,,,,,,,,,,,,,,
1199,success_attack,17,1,2,T2-T34,T2-T4,Setup,V,,T6-T34,,Escalation,,,,,,,,,,,,,,,,,,,,,,,,,,,,,,,,,,,,,,,,,,,,,,,,,,,,,,,,,,,,,,,,,,,,
1201,success_attack,7,6,V,T2-T2,V,Setup,Escalation,T4-T4,V,Attack Construction,V,T6-T8,V,Setup,V,T10-T10,V,Goal Execution,V,T12-T12,V,Attack Construction,V,T14-T14,V,Setup,V,,,,,,,,,,,,,,,,,,,,,,,,,,,,,,,,,,,,,,,,,,,,,,,,,,,,
1205,success_attack,19,2,V,T2-T36,T2-T2,Setup,V,T38-T38,T4-T38,Goal Execution,Escalation,,,,,,,,,,,,,,,,,,,,,,,,,,,,,,,,,,,,,,,,,,,,,,,,,,,,,,,,,,,,,,,,,,,,
1209,success_attack,13,7,8,T2-T10,V,Setup,V,T12-T12,V,Trust Building,V,T14-T14,V,Setup,V,T16-T16,V,Goal Execution,V,T18-T18,V,Trust Building,V,T20-T24,T20-T22,Goal Execution,Escalation,T26-T26,T24-T24,Setup,Trust Building,,T26-26,,Setup,,,,,,,,,,,,,,,,,,,,,,,,,,,,,,,,,,,,,,,,,,,,
1215,success_attack,6,1,V,T2-T12,V,Setup,V,,,,,,,,,,,,,,,,,,,,,,,,,,,,,,,,,,,,,,,,,,,,,,,,,,,,,,,,,,,,,,,,,,,,,,,,
1216,success_attack,6,3,V,T2-T6,V,Setup,V,T8-T8,V,Goal Execution,V,T10-T12,V,Escalation,V,,,,,,,,,,,,,,,,,,,,,,,,,,,,,,,,,,,,,,,,,,,,,,,,,,,,,,,,,,,,,,,,
1228,success_attack,4,1,V,T2-T8,V,Setup,V,,,,,,,,,,,,,,,,,,,,,,,,,,,,,,,,,,,,,,,,,,,,,,,,,,,,,,,,,,,,,,,,,,,,,,,,
1230,success_attack,8,3,V,T2-T4,V,Setup,V,T6-T14,V,Attack Construction,V,T16-T16,V,Setup,V,,,,,,,,,,,,,,,,,,,,,,,,,,,,,,,,,,,,,,,,,,,,,,,,,,,,,,,,,,,,,,,,
1269,success_attack,15,5,V,T2-T2,V,Attack Construction,V,T4-T4,T4-T6,Trust Building,V,T6-T22,T8-T18,Setup,V,T26-T28,T20-T28,Attack Construction,V,T30-T30,V,Goal Execution,V,,,,,,,,,,,,,,,,,,,,,,,,,,,,,,,,,,,,,,,,,,,,,,,,,,,,,,,,
1278,success_attack,12,5,V,T2-T6,T2-T2,Setup,V,T8-T8,T4-T6,Trust Building,V,T10-T16,T8-T8,Setup,Trust Building,T21-T25,T10-T20,Attack Construction,V,,T22-T24,,Goal Execution,,,,,,,,,,,,,,,,,,,,,,,,,,,,,,,,,,,,,,,,,,,,,,,,,,,,,,,,
1292,success_attack,23,1,3,T2-T46,T2-T4,Setup,V,,T6-T12,,Attack Construction,,T14-T46,,Escalation,,,,,,,,,,,,,,,,,,,,,,,,,,,,,,,,,,,,,,,,,,,,,,,,,,,,,,,,,,,,,,,,
1298,success_attack,15,3,4,T2-T22,T2-T4,Setup,V,T24-T26,T6-T8,Escalation,Attack Construction,T28-T30,T10-T26,Setup,Escalation,,T28-T30,,Setup,,,,,,,,,,,,,,,,,,,,,,,,,,,,,,,,,,,,,,,,,,,,,,,,,,,,,,,,,,,,
1326,success_attack,11,4,V,T2-T2,T2-T8,Setup,Goal Execution,T4-T12,T10-T12,Goal Execution,Trust Building,T14-T16,V,Trust Building,Setup,T18-T22,V,Goal Execution,V,,,,,,,,,,,,,,,,,,,,,,,,,,,,,,,,,,,,,,,,,,,,,,,,,,,,,,,,,,,,
1329,success_attack,6,6,4,T2-T2,T2-T6,Setup,Goal Execution,T4-T4,T8-T8,Attack Construction,Trust Building,T6-T6,T10-T10,Goal Execution,V,T8-T8,T12-T12,Trust Building,V,T10-T10,,Goal Execution,,T12-T12,,Setup,,,,,,,,,,,,,,,,,,,,,,,,,,,,,,,,,,,,,,,,,,,,,,,,,,,,,
1348,success_attack,10,2,V,T2-T8,V,Setup,V,T10-T20,V,Escalation,V,,,,,,,,,,,,,,,,,,,,,,,,,,,,,,,,,,,,,,,,,,,,,,,,,,,,,,,,,,,,,,,,,,,,
1368,success_attack,16,3,2,T2-T2,V,Setup,V,T4-T30,T4-T32,Trust Building,V,T32-T32,,Attack Construction,,,,,,,,,,,,,,,,,,,,,,,,,,,,,,,,,,,,,,,,,,,,,,,,,,,,,,,,,,,,,,,,,
1369,success_attack,23,16,V,T2-T2,V,Attack Construction,V,T4-T4,V,Trust Building,V,T6-T10,V,Escalation,V,T12-T12,V,Setup,V,T14-T16,V,Attack Construction,V,T18-T18,V,Escalation,V,T20-T20,V,Attack Construction,V,T22-T22,V,Escalation,Attack Construction,T24-T28,V,Setup,V,T30-T30,V,Escalation,V,T32-T32,V,Attack Construction,V,T34-T34,V,Trust Building,V,T36-T38,V,Attack Construction,V,T40-T40,V,Setup,V,T42-T42,V,Attack Construction,V,T44-T46,V,Setup,Goal Execution,,,,,,,,,,,,
1384,success_attack,20,5,V,T2-T4,V,Attack Construction,V,T6-T6,V,Setup,V,T8-T14,V,Attack Construction,V,T16-T18,V,Setup,V,T20-T40,V,Attack Construction,V,,,,,,,,,,,,,,,,,,,,,,,,,,,,,,,,,,,,,,,,,,,,,,,,,,,,,,,,
1387,success_attack,27,10,V,T2-T14,V,Setup,V,T16-T16,V,Attack Construction,Goal Execution,T18-T22,T18-T20,Escalation,Attack Construction,T24-T24,T22-T22,Attack Construction,Setup,T26-T28,T24-T28,Trust Building,V,T30-T30,V,Attack Construction,V,T32-T44,V,Setup,V,T46-T46,V,Escalation,V,T48-T48,V,Setup,V,T50-T54,V,Escalation,V,,,,,,,,,,,,,,,,,,,,,,,,,,,,,,,,,,,,
1390,success_attack,33,18,15,T2-T4,V,Attack Construction,V,T6-T6,V,Trust Building,V,T8-T8,V,Escalation,V,T10-T10,V,Trust Building,V,T12-T14,V,Attack Construction,V,T16-T16,V,Escalation,V,T18-T18,V,Trust Building,V,T20-T20,V,Setup,V,T22-T24,V,Escalation,V,T26-T40,V,Attack Construction,V,T42-T44,V,Escalation,V,T46-T46,V,Trust Building,V,T48-T48,V,Attack Construction,V,T50-T50,V,Escalation,Trust Building,T52-T54,T52-T66,Attack Construction,V,T56-T56,,Escalation,,T58-T64,,Attack Construction,,T66-T66,,Goal Execution,,,,,
1397,success_attack,17,12,5,T2-T4,V,Setup,V,T6-T6,V,Trust Building,V,T8-T8,V,Goal Execution,V,T10-T10,T10-T20,Escalation,V,T12-T14,T22-T34,Attack Construction,Setup,T16-T16,,Goal Execution,,T18-T18,,Escalation,,T20-T20,,Attack Construction,,T22-T24,,Setup,,T26-T30,,Trust Building,,T32-T32,,Attack Construction,,T34-T34,,Setup,,,,,,,,,,,,,,,,,,,,,,,,,,,,,
1403,success_attack,7,4,3,T2-T2,V,Trust Building,Setup,T4-T10,V,Attack Construction,V,T12-T12,T12-T14,Goal Execution,Escalation,T14-T14,,Escalation,,,,,,,,,,,,,,,,,,,,,,,,,,,,,,,,,,,,,,,,,,,,,,,,,,,,,,,,,,,,,
1417,success_attack,31,13,3,T2-T2,V,Setup,V,T4-T4,T4-T30,Goal Execution,Escalation,T6-T6,T32-T62,Setup,Goal Execution,T8-T8,,Goal Execution,,T10-T10,,Setup,,T12-T12,,Goal Execution,,T14-T14,,Attack Construction,,T16-T22,,Setup,,T24-T44,,Goal Execution,,T46-T48,,Setup,,T50-T50,,Goal Execution,,T52-T52,,Setup,,T54-T62,,Goal Execution,,,,,,,,,,,,,,,,,,,,,,,,,
1419,success_attack,8,1,V,T2-T16,V,Setup,V,,,,,,,,,,,,,,,,,,,,,,,,,,,,,,,,,,,,,,,,,,,,,,,,,,,,,,,,,,,,,,,,,,,,,,,,
1424,success_attack,27,1,6,T2-T54,T2-T2,Attack Construction,Trust Building,,T4-T22,,Attack Construction,,T24-T30,,Trust Building,,T32-T36,,Attack Construction,,T38-T38,,Trust Building,,T40-T54,,Attack Construction,,,,,,,,,,,,,,,,,,,,,,,,,,,,,,,,,,,,,,,,,,,,,,,,,,,,
1426,success_attack,21,7,V,T2-T10,V,Setup,V,T12-T16,V,Escalation,Goal Execution,T18-T18,V,Trust Building,V,T20-T28,V,Escalation,Goal Execution,T30-T30,V,Attack Construction,V,T32-T40,V,Setup,V,T42-T42,V,Goal Execution,V,,,,,,,,,,,,,,,,,,,,,,,,,,,,,,,,,,,,,,,,,,,,,,,,
1438,success_attack,12,5,V,T2-T6,V,Setup,V,T8-T8,V,Attack Construction,V,T10-T14,V,Escalation,V,T16-T16,V,Goal Execution,V,T18-T24,V,Setup,V,,,,,,,,,,,,,,,,,,,,,,,,,,,,,,,,,,,,,,,,,,,,,,,,,,,,,,,,
1440,success_attack,26,7,5,T2-T2,V,Setup,Attack Construction,T4-T4,V,Trust Building,V,T6-T30,V,Attack Construction,V,T32-T32,T32-T36,Trust Building,V,T34-T34,T38-T52,Attack Construction,V,T36-T36,,Trust Building,,T38-T52,,Attack Construction,,,,,,,,,,,,,,,,,,,,,,,,,,,,,,,,,,,,,,,,,,,,,,,,,
1446,success_attack,19,2,V,T2-T2,V,Trust Building,V,T4-T38,V,Escalation,V,,,,,,,,,,,,,,,,,,,,,,,,,,,,,,,,,,,,,,,,,,,,,,,,,,,,,,,,,,,,,,,,,,,,
1447,success_attack,14,7,V,T2-T2,V,Setup,Trust Building,T4-T4,V,Attack Construction,V,T6-T10,V,Escalation,V,T12-T12,V,Attack Construction,V,T14-T16,V,Escalation,V,T18-T18,V,Trust Building,V,T20-T28,V,Escalation,V,,,,,,,,,,,,,,,,,,,,,,,,,,,,,,,,,,,,,,,,,,,,,,,,
1448,success_attack,36,1,7,T2-T72,T2-T12,Attack Construction,V,,T14-T14,,Setup,,T16-T22,,Attack Construction,,T24-T58,,Escalation,,T60-T64,,Attack Construction,,T66-T66,,Trust Building,,T68-T72,,Goal Execution,,,,,,,,,,,,,,,,,,,,,,,,,,,,,,,,,,,,,,,,,,,,,,,,
1452,success_attack,11,3,2,T2-T16,V,Attack Construction,V,T18-T18,T18-T22,Goal Execution,V,T20-T22,,Attack Construction,,,,,,,,,,,,,,,,,,,,,,,,,,,,,,,,,,,,,,,,,,,,,,,,,,,,,,,,,,,,,,,,,
1454,success_attack,31,3,V,T2-T16,V,Attack Construction,V,T18-T18,V,Trust Building,V,T20-T62,V,Attack Construction,Goal Execution,,,,,,,,,,,,,,,,,,,,,,,,,,,,,,,,,,,,,,,,,,,,,,,,,,,,,,,,,,,,,,,,
1455,success_attack,21,16,8,T2-T2,V,Goal Execution,Setup,T4-T4,V,Attack Construction,V,T6-T6,V,Trust Building,V,T8-T8,T8-T10,Attack Construction,V,T10-T12,T12-T16,Setup,Goal Execution,T14-T14,T18-T22,Attack Construction,Goal Execution,T16-T16,T24-T30,Setup,Escalation,T18-T22,T32-T42,Attack Construction,Goal Execution,T24-T26,,Setup,,T28-T28,,Escalation,,T30-T30,,Setup,,T32-T32,,Attack Construction,,T34-T34,,Setup,,T36-T36,,Attack Construction,,T38-T38,,Trust Building,,T40-T42,,Attack Construction,,,,,,,,,,,,,
1459,success_attack,13,8,V,T2-T2,V,Trust Building,V,T4-T6,T4-T8,Attack Construction,V,T8-T10,T10-T10,Goal Execution,V,T12-T14,V,Escalation,V,T16-T16,V,Attack Construction,V,T18-T18,V,Setup,Goal Execution,T20-T24,V,Goal Execution,V,T26-T26,V,Setup,V,,,,,,,,,,,,,,,,,,,,,,,,,,,,,,,,,,,,,,,,,,,,
1462,success_attack,9,2,3,T2-T14,T2-T2,Attack Construction,V,T16-T18,T4-T14,Escalation,Goal Execution,,T16-T18,,Escalation,,,,,,,,,,,,,,,,,,,,,,,,,,,,,,,,,,,,,,,,,,,,,,,,,,,,,,,,,,,,,,,,
1466,success_attack,19,4,3,T2-T26,T2-T6,Attack Construction,V,T28-T30,T8-36,Escalation,Goal Execution,T32-T34,T38-T38,Attack Construction,Escalation,T36-T38,,Escalation,,,,,,,,,,,,,,,,,,,,,,,,,,,,,,,,,,,,,,,,,,,,,,,,,,,,,,,,,,,,,
1468,success_attack,32,10,4,T2-T16,T2-T12,Attack Construction,V,T18-T24,T14-T20,Escalation,Goal Execution,T26-T36,T22-T34,Attack Construction,Escalation,T38-T44,T36-T64,Escalation,Goal Execution,T46-T46,,Attack Construction,,T48-T48,,Escalation,,T50-T50,,Attack Construction,,T52-T52,,Setup,,T54-T60,,Attack Construction,,T62-T64,,Escalation,,,,,,,,,,,,,,,,,,,,,,,,,,,,,,,,,,,,,
1472,success_attack,25,18,3,T2-T6,T2-T8,Setup,V,T8-T8,T10-T18,Goal Execution,Attack Construction,T10-T10,T20-T50,Attack Construction,Goal Execution,T12-T12,,Setup,,T14-T14,,Goal Execution,,T16-T16,,Trust Building,,T18-T20,,Setup,,T22-T22,,Goal Execution,,T24-T26,,Setup,,T28-T28,,Goal Execution,,T30-T30,,Setup,,T32-T34,,Goal Execution,,T36-T36,,Setup,,T38-T40,,Goal Execution,,T42-T42,,Setup,,T44-T44,,Goal Execution,,T46-T48,,Setup,,T50-T50,,Attack Construction,,,,,
1473,success_attack,22,19,3,T2-T2,T2-T18,Setup,V,T4-T6,T20-T32,Trust Building,Attack Construction,T8-T8,T34-T44,Goal Execution,V,T10-T12,,Escalation,,T14-T14,,Setup,,T16-T16,,Escalation,,T18-T18,,Goal Execution,,T20-T20,,Attack Construction,,T22-T22,,Goal Execution,,T24-T24,,Setup,,T26-T26,,Goal Execution,,T28-T28,,Escalation,,T30-T30,,Setup,,T32-T32,,Escalation,,T34-T34,,Attack Construction,,T36-T36,,Goal Execution,,T38-T38,,Setup,,T40-T40,,Goal Execution,,T42-T44,,Setup,
1478,success_attack,12,5,V,T2-T4,V,Setup,V,T6-T16,V,Escalation,V,T18-T18,V,Goal Execution,V,T20-T20,V,Setup,V,T22-T24,V,Goal Execution,V,,,,,,,,,,,,,,,,,,,,,,,,,,,,,,,,,,,,,,,,,,,,,,,,,,,,,,,,
1486,success_attack,23,11,9,T2-T14,V,Setup,V,T16-T20,V,Attack Construction,V,T22-T22,V,Goal Execution,V,T24-T26,V,Attack Construction,V,T28-T28,V,Escalation,V,T30-T30,V,Attack Construction,V,T32-T32,V,Goal Execution,V,T34-T34,T34-T40,Attack Construction,V,T36-T36,T42-T46,Escalation,V,T38-T44,,Attack Construction,,T46-T46,,Escalation,,,,,,,,,,,,,,,,,,,,,,,,,,,,,,,,,
1488,success_attack,15,6,6,T2-T2,V,Attack Construction,V,T4-T8,V,Trust Building,V,T10-T18,V,Attack Construction,V,T20-T26,V,Escalation,V,T28-T28,V,Goal Execution,V,T30-T30,V,Escalation,V,,,,,,,,,,,,,,,,,,,,,,,,,,,,,,,,,,,,,,,,,,,,,,,,,,,,
1503,success_attack,8,2,3,T2-T2,V,Trust Building,V,T4-T16,T4-T12,Goal Execution,Attack Construction,,T14-T16,,Goal Execution,,,,,,,,,,,,,,,,,,,,,,,,,,,,,,,,,,,,,,,,,,,,,,,,,,,,,,,,,,,,,,,,
1504,success_attack,1,1,V,T2-T2,V,Attack Construction,V,,,,,,,,,,,,,,,,,,,,,,,,,,,,,,,,,,,,,,,,,,,,,,,,,,,,,,,,,,,,,,,,,,,,,,,,
1520,success_attack,32,11,11,T2-T2,T2-T6,Trust Building,V,T4-T24,T8-T16,Escalation,Attack Construction,T26-T26,T18-T26,Goal Execution,V,T28-T30,V,Escalation,V,T32-T32,V,Trust Building,V,T34-T36,V,Escalation,Attack Construction,T38-T38,V,Goal Execution,V,T40-T46,V,Escalation,V,T48-T48,V,Trust Building,V,T50-T62,V,Escalation,V,T64-T64,V,Goal Execution,V,,,,,,,,,,,,,,,,,,,,,,,,,,,,,,,,
1536,success_attack,11,8,V,T2-T2,V,Trust Building,V,T4-T4,V,Escalation,V,T6-T6,V,Setup,V,T8-T10,V,Escalation,Goal Execution,T12-T12,V,Setup,V,T14-T16,V,Escalation,V,T18-T18,V,Setup,Goal Execution,T20-T22,V,Escalation,V,,,,,,,,,,,,,,,,,,,,,,,,,,,,,,,,,,,,,,,,,,,,
1539,success_attack,4,1,V,T2-T8,V,Goal Execution,V,,,,,,,,,,,,,,,,,,,,,,,,,,,,,,,,,,,,,,,,,,,,,,,,,,,,,,,,,,,,,,,,,,,,,,,,
1540,success_attack,9,1,3,T2-T18,T2-T4,Goal Execution,V,,T6-T10,,Escalation,,T12-T18,,Goal Execution,,,,,,,,,,,,,,,,,,,,,,,,,,,,,,,,,,,,,,,,,,,,,,,,,,,,,,,,,,,,,,,,
1542,success_attack,1,1,V,T2-T2,V,Goal Execution,V,,,,,,,,,,,,,,,,,,,,,,,,,,,,,,,,,,,,,,,,,,,,,,,,,,,,,,,,,,,,,,,,,,,,,,,,
1555,success_attack,3,1,V,T2-T6,V,Attack Construction,V,,,,,,,,,,,,,,,,,,,,,,,,,,,,,,,,,,,,,,,,,,,,,,,,,,,,,,,,,,,,,,,,,,,,,,,,
1603,success_attack,14,9,V,T2-T8,V,Setup,V,T10-T10,V,Goal Execution,V,T12-T14,V,Setup,Escalation,T16-T16,V,Goal Execution,V,T18-T18,V,Setup,Goal Execution,T20-T20,V,Goal Execution,V,T22-T24,V,Setup,Goal Execution,T26-T26,V,Goal Execution,V,T28-T28,V,Setup,Goal Execution,,,,,,,,,,,,,,,,,,,,,,,,,,,,,,,,,,,,,,,,
1605,success_attack,14,1,4,T2-T28,T2-T8,Setup,V,,T10-T12,,Goal Execution,,T14-T18,,Setup,,T20-T28,,Goal Execution,,,,,,,,,,,,,,,,,,,,,,,,,,,,,,,,,,,,,,,,,,,,,,,,,,,,,,,,,,,,
1643,success_attack,7,2,V,T2-T8,V,Setup,V,T10-T14,V,Escalation,V,,,,,,,,,,,,,,,,,,,,,,,,,,,,,,,,,,,,,,,,,,,,,,,,,,,,,,,,,,,,,,,,,,,,
1666,success_attack,19,8,9,T2-T22,T2-T20,Goal Execution,V,T24-T24,T22-T22,Escalation,Trust Building,T26-T26,T24-T24,Trust Building,Escalation,T28-T28,T26-T26,Setup,Trust Building,T30-T30,T28-T28,Goal Execution,Setup,T32-T32,T30-T30,Setup,Goal Execution,T34-T36,T32-T32,Goal Execution,Setup,T38-T38,T34-T36,Setup,Goal Execution,,T38-T38,,Setup,,,,,,,,,,,,,,,,,,,,,,,,,,,,,,,,,,,,,,,,
1680,success_attack,9,5,V,T2-T2,V,Setup,V,T4-T4,V,Escalation,V,T6-T6,V,Attack Construction,V,T8-T10,V,Setup,V,T12-T18,V,Attack Construction,V,,,,,,,,,,,,,,,,,,,,,,,,,,,,,,,,,,,,,,,,,,,,,,,,,,,,,,,,
1688,success_attack,14,3,5,T2-T2,V,Setup,V,T4-T6,V,Attack Construction,V,T8-T28,T8-T14,Goal Execution,V,,T16-24,,Escalation,,T26-T28,,Goal Execution,,,,,,,,,,,,,,,,,,,,,,,,,,,,,,,,,,,,,,,,,,,,,,,,,,,,,,,,
1692,success_attack,10,8,V,T2-T4,V,Attack Construction,V,T6-T6,V,Goal Execution,V,T8-T10,V,Escalation,V,T12-T12,V,Goal Execution,V,T14-T14,V,Attack Construction,V,T16-T16,V,Goal Execution,V,T18-T18,V,Escalation,V,T20-T20,V,Goal Execution,V,,,,,,,,,,,,,,,,,,,,,,,,,,,,,,,,,,,,,,,,,,,,
1693,success_attack,3,1,2,T2-T6,T2-T2,Setup,V,,T4-T6,,Goal Execution,,,,,,,,,,,,,,,,,,,,,,,,,,,,,,,,,,,,,,,,,,,,,,,,,,,,,,,,,,,,,,,,,,,,
1729,success_attack,4,3,V,T2-T4,V,Setup,V,T6-T6,V,Goal Execution,V,T8-T8,V,Escalation,V,,,,,,,,,,,,,,,,,,,,,,,,,,,,,,,,,,,,,,,,,,,,,,,,,,,,,,,,,,,,,,,,
1730,success_attack,8,6,V,T2-T2,V,Trust Building,V,T4-T6,V,Escalation,V,T8-T8,V,Setup,V,T10-T10,V,Escalation,V,T12-T12,V,Attack Construction,V,T14-T16,V,Setup,V,,,,,,,,,,,,,,,,,,,,,,,,,,,,,,,,,,,,,,,,,,,,,,,,,,,,
1733,success_attack,18,4,V,T2-T18,V,Setup,V,T20-T20,V,Trust Building,V,T22-T34,V,Goal Execution,V,T36-T36,V,Setup,V,,,,,,,,,,,,,,,,,,,,,,,,,,,,,,,,,,,,,,,,,,,,,,,,,,,,,,,,,,,,
1749,success_attack,6,1,4,T2-T12,T2-T2,Setup,V,,T4-T4,,Attack Construction,,T6-T8,,Setup,,T10-T12,,Escalation,,,,,,,,,,,,,,,,,,,,,,,,,,,,,,,,,,,,,,,,,,,,,,,,,,,,,,,,,,,,
1751,success_attack,16,9,V,T2-T4,V,Setup,V,T6-T8,V,Goal Execution,V,T10-T14,T10-T12,Setup,V,T16-T18,T14-T16,Goal Execution,V,T18-T20,V,Setup,Trust Building,T22-T22,V,Goal Execution,V,T24-T24,V,Escalation,V,T26-T28,V,Goal Execution,V,T30-T32,V,Setup,V,,,,,,,,,,,,,,,,,,,,,,,,,,,,,,,,,,,,,,,,
1778,success_attack,5,3,V,T2-T6,V,Setup,Attack Construction,T8-T8,V,Goal Execution,V,T10-T10,V,Setup,V,,,,,,,,,,,,,,,,,,,,,,,,,,,,,,,,,,,,,,,,,,,,,,,,,,,,,,,,,,,,,,,,
1808,success_attack,14,5,V,T2-T4,V,Setup,V,T6-T10,V,Goal Execution,V,T12-T14,V,Setup,Attack Construction,T16-T20,V,Goal Execution,V,T22-T28,V,Setup,Goal Execution,,,,,,,,,,,,,,,,,,,,,,,,,,,,,,,,,,,,,,,,,,,,,,,,,,,,,,,,
1809,success_attack,18,1,5,T2-T36,T2-T2,Escalation,Goal Execution,,T4-T6,,Escalation,,T8-T8,,Goal Execution,,T10-T16,,Escalation,,T18-36,,Goal Execution,,,,,,,,,,,,,,,,,,,,,,,,,,,,,,,,,,,,,,,,,,,,,,,,,,,,,,,,
1812,success_attack,24,7,V,T2-T6,V,Goal Execution,V,T8-T10,V,Trust Building,V,T12-T14,V,Goal Execution,V,T16-T16,V,Trust Building,V,T18-T28,V,Goal Execution,V,T30-T30,V,Setup,V,T32-T48,V,Goal Execution,V,,,,,,,,,,,,,,,,,,,,,,,,,,,,,,,,,,,,,,,,,,,,,,,,
1813,success_attack,4,1,2,T2-T8,T2-T2,Setup,V,,T4-T8,,Goal Execution,,,,,,,,,,,,,,,,,,,,,,,,,,,,,,,,,,,,,,,,,,,,,,,,,,,,,,,,,,,,,,,,,,,,
1925,success_attack,11,1,3,T2-T22,T2-T2,Setup,V,,T4-T20,,Goal Execution,,T22-T22,,Setup,,,,,,,,,,,,,,,,,,,,,,,,,,,,,,,,,,,,,,,,,,,,,,,,,,,,,,,,,,,,,,,,
1926,success_attack,20,8,7,T2-T4,V,Setup,V,T6-T6,V,Goal Execution,V,T8-T12,V,Escalation,V,T14-T14,V,Setup,V,T16-T30,V,Escalation,V,T32-T32,V,Setup,V,T34-T38,T34-T40,Escalation,V,T40-T40,,Setup,,,,,,,,,,,,,,,,,,,,,,,,,,,,,,,,,,,,,,,,,,,,,
1928,success_attack,2,1,2,T2-T4,T2-T2,Setup,V,,T4-T4,,Goal Execution,,,,,,,,,,,,,,,,,,,,,,,,,,,,,,,,,,,,,,,,,,,,,,,,,,,,,,,,,,,,,,,,,,,,
1929,success_attack,9,3,V,T2-T10,V,Attack Construction,V,T12-T12,V,Setup,V,T14-T18,V,Attack Construction,Goal Execution,,,,,,,,,,,,,,,,,,,,,,,,,,,,,,,,,,,,,,,,,,,,,,,,,,,,,,,,,,,,,,,,
1987,success_attack,24,13,V,T2-T2,V,Setup,V,T4-T4,V,Goal Execution,V,T6-T6,V,Escalation,V,T8-T8,V,Attack Construction,V,T10-T10,V,Setup,V,T12-T12,V,Goal Execution,V,T14-T14,V,Attack Construction,V,T16-T18,V,Goal Execution,V,T20-T20,V,Setup,V,T22-T22,V,Attack Construction,V,T24-T44,V,Setup,V,T46-T46,V,Trust Building,V,T48-T48,V,Setup,V,,,,,,,,,,,,,,,,,,,,,,,,
2052,success_attack,23,19,12,T2-T4,V,Attack Construction,V,T6-T6,V,Setup,Goal Execution,T8-T8,V,Attack Construction,V,T10-T12,V,Goal Execution,V,T14-T14,V,Escalation,V,T16-T16,V,Setup,V,T18-T18,T18-T20,Attack Construction,V,T20-T22,T22-T22,Escalation,V,T24-T24,V,Setup,V,T26-T26,T26-T34,Goal Execution,V,T28-T28,T36-T42,Setup,Escalation,T30-T30,T44-T46,Goal Execution,Setup,T32-T32,,Setup,,T34-T34,,Goal Execution,,T36-T36,,Escalation,,T38-T38,,Setup,,T40-T40,,Goal Execution,,T42-T42,,Escalation,,T44-T46,,Setup,
2073,success_attack,12,7,3,T2-T2,T2-T6,Setup,V,T4-T4,T8-T12,Goal Execution,Attack Construction,T6-T6,T14-T24,Escalation,Goal Execution,T8-T10,,Goal Execution,,T12-T14,,Trust Building,,T16-T22,,Escalation,,T24-T24,,Goal Execution,,,,,,,,,,,,,,,,,,,,,,,,,,,,,,,,,,,,,,,,,,,,,,,,,
2076,success_attack,6,5,V,T2-T2,V,Setup,V,T4-T6,V,Attack Construction,V,T8-T8,V,Escalation,V,T10-T10,V,Attack Construction,Goal Execution,T12-T12,V,Setup,V,,,,,,,,,,,,,,,,,,,,,,,,,,,,,,,,,,,,,,,,,,,,,,,,,,,,,,,,
2118,success_attack,14,6,5,T2-T10,V,Setup,V,T12-T14,V,Trust Building,Attack Construction,T16-T20,V,Goal Execution,V,T22-T22,V,Trust Building,Attack Construction,T24-T26,T24-T28,Goal Execution,V,T28-T28,,Escalation,,,,,,,,,,,,,,,,,,,,,,,,,,,,,,,,,,,,,,,,,,,,,,,,,,,,,
2122,success_attack,20,8,7,T2-T2,T2-T4,Setup,V,T4-T4,T6-T8,Attack Construction,V,T6-T6,T10-T16,Trust Building,Goal Execution,T8-T8,T18-T28,Attack Construction,V,T10-T28,T30-T30,Setup,V,T30-T30,T32-T38,Trust Building,Attack Construction,T32-T38,T40-T40,Setup,Goal Execution,T40-T40,,Escalation,,,,,,,,,,,,,,,,,,,,,,,,,,,,,,,,,,,,,,,,,,,,,
2126,success_attack,24,13,6,T2-T10,T2-T12,Setup,V,T12-T12,T14-T16,Goal Execution,V,T14-T14,T18-T20,Attack Construction,V,T16-T16,T22-T28,Setup,V,T18-T20,T30-T38,Goal Execution,Attack Construction,T22-T22,T40-T48,Escalation,Goal Execution,T24-T28,,Trust Building,,T30-T34,,Attack Construction,,T36-T36,,Trust Building,,T38-T42,,Escalation,,T44-T44,,Attack Construction,,T46-T46,,Escalation,,T48-T48,,Attack Construction,,,,,,,,,,,,,,,,,,,,,,,,,
2130,success_attack,27,9,5,T2-T12,V,Setup,V,T14-T30,V,Escalation,V,T32-T32,T32-T36,Attack Construction,V,T34-T34,T38-T44,Escalation,V,T36-T42,T46-T54,Goal Execution,V,T44-T44,,Attack Construction,,T46-T48,,Goal Execution,,T50-T50,,Escalation,,T52-T54,,Goal Execution,,,,,,,,,,,,,,,,,,,,,,,,,,,,,,,,,,,,,,,,,
2133,success_attack,32,11,7,T2-T4,V,Setup,V,T6-T8,V,Attack Construction,V,T10-T10,T10-T14,Trust Building,V,T12-T14,T16-T30,Setup,V,T16-T30,T32-T38,Goal Execution,V,T32-T32,T40-T40,Trust Building,Attack Construction,T34-T34,T42-T64,Setup,V,T36-T36,,Trust Building,,T38-T38,,Setup,,T40-T40,,Trust Building,,T42-T64,,Setup,,,,,,,,,,,,,,,,,,,,,,,,,,,,,,,,,
2136,success_attack,30,16,14,T2-T8,V,Setup,V,T10-T14,V,Attack Construction,V,T16-T20,V,Trust Building,V,T22-T22,V,Goal Execution,V,T24-T26,V,Attack Construction,V,T28-T28,V,Setup,V,T30-T30,V,Attack Construction,V,T32-T38,V,Escalation,V,T40-T40,V,Goal Execution,V,T42-T42,V,Escalation,V,T44-T44,V,Trust Building,V,T46-T46,T46-T52,Escalation,Setup,T48-T48,T54-T56,Attack Construction,V,T50-T50,T58-T60,Setup,V,T52-T56,,Attack Construction,,T58-T60,,Setup,,,,,,,,,,,,,
2231,success_attack,15,9,V,T2-T2,V,Setup,V,T4-T6,V,Attack Construction,V,T8-T8,V,Goal Execution,V,T10-T10,V,Setup,V,T12-T14,V,Attack Construction,V,T16-T20,V,Setup,V,T22-T22,V,Escalation,V,T24-T24,V,Trust Building,V,T26-T30,V,Escalation,V,,,,,,,,,,,,,,,,,,,,,,,,,,,,,,,,,,,,,,,,
2241,success_attack,17,1,4,T2-T34,T2-T14,Setup,V,,T16-T20,,Goal Execution,,T22-T30,,Attack Construction,,T32-T34,,Setup,,,,,,,,,,,,,,,,,,,,,,,,,,,,,,,,,,,,,,,,,,,,,,,,,,,,,,,,,,,,
2242,success_attack,12,2,4,T2-T22,T2-T12,Setup,V,T24-T24,T14-T18,Attack Construction,V,,T20-T22,Escalation,V,T24-T24,V,Goal Execution,V,,,,,,,,,,,,,,,,,,,,,,,,,,,,,,,,,,,,,,,,,,,,,,,,,,,,,,,,,,,,
2250,success_attack,15,7,5,T2-T2,T2-T6,Setup,V,T4-T6,T8-T12,Attack Construction,V,T8-T8,T14-T16,Goal Execution,Attack Construction,T10-T24,T18-T26,Escalation,Goal Execution,T26-T26,T28-T30,Trust Building,Escalation,T28-T28,,Setup,,T30-T30,,Escalation,,,,,,,,,,,,,,,,,,,,,,,,,,,,,,,,,,,,,,,,,,,,,,,,,
2252,success_attack,4,1,2,T2-T8,T2-T4,Setup,V,,T6-T8,,Goal Execution,,,,,,,,,,,,,,,,,,,,,,,,,,,,,,,,,,,,,,,,,,,,,,,,,,,,,,,,,,,,,,,,,,,,
2255,success_attack,7,5,V,T2-T6,T2-T2,Setup,Goal Execution,T8-T8,T4-T6,Escalation,Setup,T10-T10,T8-T8,Trust Building,Escalation,T12-T12,T10-T10,Goal Execution,Trust Building,T14-T14,T12-T14,Escalation,Goal Execution,,,,,,,,,,,,,,,,,,,,,,,,,,,,,,,,,,,,,,,,,,,,,,,,,,,,,,,,
2287,success_attack,28,8,5,T2-T16,T2-T6,Setup,V,T18-T20,T8-T14,Trust Building,Attack Construction,T22-T26,T16-T20,Setup,V,T28-T30,T22-T50,Escalation,Setup,T32-T36,T52-T56,Setup,Goal Execution,T38-T38,,Goal Execution,,T40-T50,,Escalation,,T52-T56,,Goal Execution,,,,,,,,,,,,,,,,,,,,,,,,,,,,,,,,,,,,,,,,,,,,,
2288,success_attack,15,1,5,T2-T30,T2-T8,Setup,V,,T10-T16,,Attack Construction,,T18-T22,,Escalation,,T24-T24,,Attack Construction,,T26-T30,,Goal Execution,,,,,,,,,,,,,,,,,,,,,,,,,,,,,,,,,,,,,,,,,,,,,,,,,,,,,,,,
2292,success_attack,25,7,V,T2-T24,T2-T14,Setup,V,T26-T26,T16-T24,Attack Construction,V,T28-T28,T26-T28,Setup,V,T30-T30,V,Attack Construction,V,T32-T32,V,Setup,V,T34-T40,V,Attack Construction,V,T42-T50,V,Setup,V,,,,,,,,,,,,,,,,,,,,,,,,,,,,,,,,,,,,,,,,,,,,,,,,
2299,success_attack,24,1,4,T2-T48,T2-T12,Setup,V,T14-T32,V,,Attack Construction,,T34-T34,,Goal Execution,,T36-T48,,Escalation,,,,,,,,,,,,,,,,,,,,,,,,,,,,,,,,,,,,,,,,,,,,,,,,,,,,,,,,,,,,
2322,success_attack,13,1,3,T2-T26,T2-T14,Setup,V,,T16-T18,,Attack Construction,,T20-T26,,Goal Execution,,,,,,,,,,,,,,,,,,,,,,,,,,,,,,,,,,,,,,,,,,,,,,,,,,,,,,,,,,,,,,,,
2372,success_attack,9,2,3,T2-T2,T2-T6,Trust Building,Setup,T4-T18,T8-T12,Setup,Attack Construction,,T14-T18,,Goal Execution,,,,,,,,,,,,,,,,,,,,,,,,,,,,,,,,,,,,,,,,,,,,,,,,,,,,,,,,,,,,,,,,
2386,success_attack,3,1,2,T2-T6,T2-T2,Setup,V,,T4-T6,,Goal Execution,,,,,,,,,,,,,,,,,,,,,,,,,,,,,,,,,,,,,,,,,,,,,,,,,,,,,,,,,,,,,,,,,,,,
2401,success_attack,3,1,3,T2-T6,T2-T2,Setup,V,,T4-T4,,Trust Building,,T6-T6,,Goal Execution,,,,,,,,,,,,,,,,,,,,,,,,,,,,,,,,,,,,,,,,,,,,,,,,,,,,,,,,,,,,,,,,
2410,success_attack,13,1,3,T2-T26,T2-T12,Setup,V,,T14-T18,,Attack Construction,,T20-T26,,Goal Execution,,,,,,,,,,,,,,,,,,,,,,,,,,,,,,,,,,,,,,,,,,,,,,,,,,,,,,,,,,,,,,,,
2437,success_attack,14,8,7,T2-T2,V,Setup,V,T4-T8,V,Escalation,V,T10-T10,V,Setup,V,T12-T14,V,Escalation,V,T16-T18,V,Goal Execution,V,T20-T20,V,Escalation,V,T22-T26,T22-T28,Setup,V,T28-T28,,Goal Execution,,,,,,,,,,,,,,,,,,,,,,,,,,,,,,,,,,,,,,,,,,,,,
2491,success_attack,10,7,V,T2-T6,V,Setup,V,T8-T8,V,Attack Construction,V,T10-T10,V,Setup,V,T12-T12,V,Attack Construction,V,T14-T16,V,Escalation,V,T18-T18,V,Trust Building,V,T20-T20,V,Escalation,V,,,,,,,,,,,,,,,,,,,,,,,,,,,,,,,,,,,,,,,,,,,,,,,,
2494,success_attack,26,12,7,T2-T2,V,Setup,V,T4-T4,V,Trust Building,V,T6-T30,V,Setup,V,T32-T32,V,Goal Execution,V,T34-T36,T34-T44,Escalation,V,T38-T38,T46-T48,Goal Execution,Attack Construction,T40-T40,T50-T52,Escalation,V,T42-T42,,Setup,,T44-T44,,Escalation,,T46-T48,,Setup,,T50-T50,,Goal Execution,,T52-T52,,Escalation,,,,,,,,,,,,,,,,,,,,,,,,,,,,,