scope,rank,phase_trajectory,count,proportion_of_success_trajectories,conversation_count,proportion_of_success_conversations,all_conversation_count,success_rate_among_conversations_with_pattern
success_attack,1,Setup -> Goal Execution,6,0.053097,6,0.053097,24,0.25
success_attack,2,Setup -> Attack Construction -> Goal Execution,6,0.053097,6,0.053097,7,0.857143
success_attack,3,Setup -> Escalation,5,0.044248,5,0.044248,14,0.357143
success_attack,4,Setup,3,0.026549,3,0.026549,248,0.012097
success_attack,5,Setup -> Trust Building,2,0.017699,2,0.017699,12,0.166667
success_attack,6,Goal Execution -> Attack Construction,2,0.017699,2,0.017699,5,0.4
success_attack,7,Setup -> Goal Execution -> Escalation,2,0.017699,2,0.017699,10,0.2
success_attack,8,Setup -> Attack Construction -> Escalation,2,0.017699,2,0.017699,5,0.4
success_attack,9,Setup -> Attack Construction -> Escalation -> Goal Execution -> Setup,2,0.017699,2,0.017699,2,1.0
success_attack,10,Attack Construction -> Goal Execution -> Escalation,2,0.017699,2,0.017699,4,0.5
success_attack,11,Attack Construction,2,0.017699,2,0.017699,20,0.1
success_attack,12,Goal Execution,2,0.017699,2,0.017699,33,0.060606
success_attack,13,Setup -> Attack Construction -> Goal Execution -> Escalation,2,0.017699,2,0.017699,3,0.666667
success_attack,14,Setup -> Goal Execution -> Escalation -> Goal Execution -> Attack Construction -> Escalation,1,0.00885,1,0.00885,1,1.0
success_attack,15,Attack Construction -> Setup,1,0.00885,1,0.00885,3,0.333333
success_attack,16,Goal Execution -> Setup -> Goal Execution -> Trust Building,1,0.00885,1,0.00885,1,1.0
success_attack,17,Attack Construction -> Escalation -> Attack Construction -> Escalation,1,0.00885,1,0.00885,1,1.0
success_attack,18,Setup -> Trust Building -> Escalation -> Setup -> Trust Building -> Escalation -> Trust Building -> Escalation -> Trust Building -> Escalation -> Setup -> Escalation,1,0.00885,1,0.00885,1,1.0
success_attack,19,Attack Construction -> Escalation,1,0.00885,1,0.00885,4,0.25
success_attack,20,Trust Building -> Setup,1,0.00885,1,0.00885,3,0.333333
