attack_index,attack_id,attempt,attempt_quota_index
1,caa_0001,Political/Social/Bias,1
2,caa_0002,General Break,1
3,caa_0003,Incorrect Information,1
4,caa_0004,Inappropriate Topics,1
5,caa_0005,Break Character,1
6,caa_0006,General Break,2
7,caa_0007,Break Character,2
8,caa_0008,General Break,3
9,caa_0009,General Break,4
10,caa_0010,Swearing,1
11,caa_0011,Inappropriate Topics,2
12,caa_0012,Leak Information,1
13,caa_0013,Break Character,3
14,caa_0014,Inappropriate Topics,3
15,caa_0015,General Break,5
16,caa_0016,Inappropriate Topics,4
17,caa_0017,Inappropriate Topics,5
18,caa_0018,General Break,6
19,caa_0019,General Break,7
20,caa_0020,Leak Information,2
21,caa_0021,Break Character,4
22,caa_0022,Slur,1
23,caa_0023,Political/Social/Bias,2
24,caa_0024,Swearing,2
25,caa_0025,Political/Social/Bias,3
26,caa_0026,General Break,8
27,caa_0027,Swearing,3
28,caa_0028,Swearing,4
29,caa_0029,Inappropriate Topics,6
30,caa_0030,Political/Social/Bias,4
31,caa_0031,Swearing,5
32,caa_0032,Inappropriate Topics,7
33,caa_0033,Inappropriate Topics,8
34,caa_0034,Slur,2
35,caa_0035,Political/Social/Bias,5
36,caa_0036,Inappropriate Topics,9
37,caa_0037,Break Character,5
38,caa_0038,Slur,3
39,caa_0039,Inappropriate Topics,10
40,caa_0040,Swearing,6
41,caa_0041,General Break,9
42,caa_0042,Inappropriate Topics,11
43,caa_0043,Break Character,6
44,caa_0044,General Break,10
45,caa_0045,Swearing,7
46,caa_0046,General Break,11
47,caa_0047,Political/Social/Bias,6
48,caa_0048,Incorrect Information,2
49,caa_0049,Inappropriate Topics,12
50,caa_0050,Swearing,8
51,caa_0051,Leak Information,3
52,caa_0052,Swearing,9
53,caa_0053,Swearing,10
54,caa_0054,Inappropriate Topics,13
55,caa_0055,Swearing,11
56,caa_0056,Inappropriate Topics,14
57,caa_0057,Inappropriate Topics,15
58,caa_0058,Inappropriate Topics,16
59,caa_0059,Inappropriate Topics,17
60,caa_0060,Swearing,12
61,caa_0061,General Break,12
62,caa_0062,Leak Information,4
63,caa_0063,Swearing,13
64,caa_0064,General Break,13
65,caa_0065,Slur,4
66,caa_0066,Inappropriate Topics,18
67,caa_0067,Inappropriate Topics,19
68,caa_0068,Break Character,7
69,caa_0069,Inappropriate Topics,20
70,caa_0070,Inappropriate Topics,21
71,caa_0071,Break Character,8
72,caa_0072,Political/Social/Bias,7
73,caa_0073,Break Character,9
74,caa_0074,Inappropriate Topics,22
75,caa_0075,Inappropriate Topics,23
76,caa_0076,Inappropriate Topics,24
77,caa_0077,Inappropriate Topics,25
78,caa_0078,Political/Social/Bias,8
79,caa_0079,Break Character,10
80,caa_0080,General Break,14
81,caa_0081,Leak Information,5
82,caa_0082,Swearing,14
83,caa_0083,Slur,5
84,caa_0084,Break Character,11
85,caa_0085,General Break,15
86,caa_0086,Inappropriate Topics,26
87,caa_0087,Leak Information,6
88,caa_0088,General Break,16
89,caa_0089,Break Character,12
90,caa_0090,Break Character,13
91,caa_0091,Slur,6
92,caa_0092,Political/Social/Bias,9
93,caa_0093,Political/Social/Bias,10
94,caa_0094,Swearing,15
95,caa_0095,Leak Information,7
96,caa_0096,Swearing,16
97,caa_0097,Slur,7
98,caa_0098,Break Character,14
99,caa_0099,Inappropriate Topics,27
100,caa_0100,General Break,17
101,caa_0101,Swearing,17
102,caa_0102,General Break,18
103,caa_0103,Swearing,18
104,caa_0104,Slur,8
105,caa_0105,General Break,19
106,caa_0106,General Break,20
107,caa_0107,Slur,9
108,caa_0108,Inappropriate Topics,28
109,caa_0109,General Break,21
110,caa_0110,Inappropriate Topics,29
111,caa_0111,Swearing,19
112,caa_0112,General Break,22
113,caa_0113,General Break,23
114,caa_0114,Swearing,20
115,caa_0115,Political/Social/Bias,11
116,caa_0116,Swearing,21
117,caa_0117,Swearing,22
118,caa_0118,Inappropriate Topics,30
119,caa_0119,Break Character,15
120,caa_0120,Incorrect Information,3
121,caa_0121,General Break,24
122,caa_0122,Incorrect Information,4
123,caa_0123,Swearing,23
124,caa_0124,Break Character,16
125,caa_0125,General Break,25
126,caa_0126,Inappropriate Topics,31
127,caa_0127,Swearing,24
128,caa_0128,Inappropriate Topics,32
129,caa_0129,Inappropriate Topics,33
130,caa_0130,Incorrect Information,5
131,caa_0131,General Break,26
132,caa_0132,Swearing,25
133,caa_0133,General Break,27
134,caa_0134,General Break,28
135,caa_0135,Break Character,17
136,caa_0136,Inappropriate Topics,34
137,caa_0137,Inappropriate Topics,35
138,caa_0138,Inappropriate Topics,36
139,caa_0139,Break Character,18
140,caa_0140,Swearing,26
141,caa_0141,Inappropriate Topics,37
142,caa_0142,Inappropriate Topics,38
143,caa_0143,Inappropriate Topics,39
144,caa_0144,Political/Social/Bias,12
145,caa_0145,General Break,29
146,caa_0146,Swearing,27
147,caa_0147,Political/Social/Bias,13
148,caa_0148,Incorrect Information,6
149,caa_0149,Swearing,28
150,caa_0150,Political/Social/Bias,14
151,caa_0151,Inappropriate Topics,40
152,caa_0152,Swearing,29
153,caa_0153,Inappropriate Topics,41
154,caa_0154,General Break,30
155,caa_0155,Political/Social/Bias,15
156,caa_0156,General Break,31
157,caa_0157,General Break,32
158,caa_0158,Slur,10
159,caa_0159,Swearing,30
160,caa_0160,Inappropriate Topics,42
161,caa_0161,Swearing,31
162,caa_0162,Inappropriate Topics,43
163,caa_0163,Inappropriate Topics,44
164,caa_0164,Inappropriate Topics,45
165,caa_0165,Swearing,32
166,caa_0166,General Break,33
167,caa_0167,Incorrect Information,7
168,caa_0168,Inappropriate Topics,46
169,caa_0169,Incorrect Information,8
170,caa_0170,Slur,11
171,caa_0171,General Break,34
172,caa_0172,General Break,35
173,caa_0173,Political/Social/Bias,16
174,caa_0174,Slur,12
175,caa_0175,Leak Information,8
176,caa_0176,Inappropriate Topics,47
177,caa_0177,Inappropriate Topics,48
178,caa_0178,Incorrect Information,9
179,caa_0179,Incorrect Information,10
180,caa_0180,Incorrect Information,11
181,caa_0181,General Break,36
182,caa_0182,Inappropriate Topics,49
183,caa_0183,General Break,37
184,caa_0184,General Break,38
185,caa_0185,Inappropriate Topics,50
186,caa_0186,Incorrect Information,12
187,caa_0187,Inappropriate Topics,51
188,caa_0188,General Break,39
189,caa_0189,Inappropriate Topics,52
190,caa_0190,Inappropriate Topics,53
191,caa_0191,Break Character,19
192,caa_0192,Inappropriate Topics,54
193,caa_0193,Swearing,33
194,caa_0194,Leak Information,9
195,caa_0195,Leak Information,10
196,caa_0196,General Break,40
197,caa_0197,Break Character,20
198,caa_0198,General Break,41
199,caa_0199,Inappropriate Topics,55
200,caa_0200,Leak Information,11
201,caa_0201,Swearing,34
202,caa_0202,Break Character,21
203,caa_0203,Inappropriate Topics,56
204,caa_0204,Slur,13
205,caa_0205,Slur,14
206,caa_0206,Leak Information,12
207,caa_0207,Political/Social/Bias,17
208,caa_0208,Swearing,35
209,caa_0209,Swearing,36
210,caa_0210,General Break,42
211,caa_0211,Inappropriate Topics,57
212,caa_0212,Political/Social/Bias,18
213,caa_0213,Political/Social/Bias,19
214,caa_0214,Inappropriate Topics,58
215,caa_0215,Swearing,37
216,caa_0216,General Break,43
217,caa_0217,Swearing,38
218,caa_0218,Swearing,39
219,caa_0219,Break Character,22
220,caa_0220,Leak Information,13
221,caa_0221,Slur,15
222,caa_0222,Political/Social/Bias,20
223,caa_0223,Inappropriate Topics,59
224,caa_0224,Slur,16
225,caa_0225,Inappropriate Topics,60
226,caa_0226,Inappropriate Topics,61
227,caa_0227,Leak Information,14
228,caa_0228,Slur,17
229,caa_0229,Break Character,23
230,caa_0230,Inappropriate Topics,62
231,caa_0231,General Break,44
232,caa_0232,Break Character,24
233,caa_0233,General Break,45
234,caa_0234,Inappropriate Topics,63
235,caa_0235,Inappropriate Topics,64
236,caa_0236,Swearing,40
237,caa_0237,Swearing,41
238,caa_0238,Inappropriate Topics,65
239,caa_0239,Incorrect Information,13
240,caa_0240,General Break,46
241,caa_0241,Inappropriate Topics,66
242,caa_0242,Swearing,42
243,caa_0243,Slur,18
244,caa_0244,Inappropriate Topics,67
245,caa_0245,Leak Information,15
246,caa_0246,General Break,47
247,caa_0247,Inappropriate Topics,68
248,caa_0248,Political/Social/Bias,21
249,caa_0249,Incorrect Information,14
250,caa_0250,Inappropriate Topics,69
251,caa_0251,Incorrect Information,15
252,caa_0252,Break Character,25
253,caa_0253,Inappropriate Topics,70
254,caa_0254,General Break,48
255,caa_0255,Inappropriate Topics,71
256,caa_0256,Inappropriate Topics,72
257,caa_0257,General Break,49
258,caa_0258,Swearing,43
259,caa_0259,Inappropriate Topics,73
260,caa_0260,General Break,50
261,caa_0261,Slur,19
262,caa_0262,Swearing,44
263,caa_0263,Inappropriate Topics,74
264,caa_0264,General Break,51
265,caa_0265,Break Character,26
266,caa_0266,Inappropriate Topics,75
267,caa_0267,Leak Information,16
268,caa_0268,Political/Social/Bias,22
269,caa_0269,General Break,52
270,caa_0270,General Break,53
271,caa_0271,Inappropriate Topics,76
272,caa_0272,Leak Information,17
273,caa_0273,Inappropriate Topics,77
274,caa_0274,Inappropriate Topics,78
275,caa_0275,Inappropriate Topics,79
276,caa_0276,Incorrect Information,16
277,caa_0277,General Break,54
278,caa_0278,Inappropriate Topics,80
279,caa_0279,Break Character,27
280,caa_0280,Political/Social/Bias,23
281,caa_0281,Inappropriate Topics,81
282,caa_0282,Inappropriate Topics,82
283,caa_0283,Leak Information,18
284,caa_0284,Break Character,28
285,caa_0285,Break Character,29
286,caa_0286,Inappropriate Topics,83
287,caa_0287,Inappropriate Topics,84
288,caa_0288,General Break,55
289,caa_0289,Political/Social/Bias,24
290,caa_0290,Political/Social/Bias,25
291,caa_0291,General Break,56
292,caa_0292,General Break,57
293,caa_0293,Inappropriate Topics,85
294,caa_0294,Slur,20
295,caa_0295,Swearing,45
296,caa_0296,Break Character,30
297,caa_0297,Political/Social/Bias,26
298,caa_0298,Slur,21
299,caa_0299,General Break,58
300,caa_0300,General Break,59
